peakNumber,peakLocation,FWHM,intensity,% Error
0,2.0075001443377487,0.23733418681935192,40.895880438109884,1.4148920982914739
1,2.8525002650949687,0.3632566016665937,84.72886041708364,1.887916817227785
2,3.512500359414218,0.4544369197005915,34.901541928015035,0.9974960214656322
3,3.962500423722797,N/A,13.914197669667828,0.5318119525756287
4,4.122500446588069,N/A,13.652827536318682,0.45904925101939503
5,4.152500450875308,0.0408024206925397,13.699739472171302,0.28076272480646225
6,4.187500455877086,N/A,13.556850752391654,1.203154299607015
7,4.3825004837441375,N/A,11.464384014782127,1.2942911911516857
8,5.0475005787779255,0.2594336286983632,79.36488387216673,19.457071119206446
