peakNumber,peakLocation,FWHM,intensity,% Error
0,1.7925001136125387,0.02845335969516838,158.11625589787246,1.522148601425528
1,2.0725001536267658,0.0992604993820152,61.27586644177512,1.6311574956839707
2,2.382500197928231,0.2130962924430988,14.852361463710508,1.7584840807682536
3,2.932500276527605,0.03335443275451988,1407.184012575103,3.034732396829381
4,3.442500349410661,0.04673012811414878,118.12023817589716,3.7766845846005292
5,4.157500451589848,0.044510005133154174,219.82073790279657,5.318726213727093
6,4.5225005037512505,0.06015120012559105,33.4904208480221,2.4519534654209347
7,5.0875005844942445,0.06910779487770569,359.134355259606,28.2998554288922
