peakNumber,peakLocation,FWHM,intensity,% Error
0,1.7925001136125387,0.06218048952959987,169.42252521711248,9.48514900507622
1,2.122500160772163,0.031143250418808055,145.2239199827804,17.50560445931822
2,2.337500191497373,0.1744059638495239,46.09736418105342,2.3381906215629327
3,2.932500276527605,0.03274658418922716,1225.8046879403616,15.45964013208238
4,3.442500349410661,0.13267355788433877,117.89435625996788,14.214635422868788
5,4.157500451589848,0.0690041257645726,146.65190988252436,11.507109564649944
6,4.52750050446579,0.16808073717790428,40.52424089169966,7.207176453803685
7,5.0875005844942445,0.07213209177747437,281.9749311003147,47.93587064647852
