peakNumber,peakLocation,FWHM,intensity,% Error
0,1.8325001193288568,0.03246953111218276,169.13092784109483,5.543129608917273
1,2.1175001600576238,0.04164224944116279,92.48162459179856,5.965172667278574
2,2.9925002851020825,0.1322105488167158,386.0810456741957,283.0288929341493
3,3.5175003601287576,0.08351647433787779,141.57202590930655,4.758310190658861
4,4.242500463737024,0.28963975066260117,80.21773270273508,2.826636491924971
5,4.622500518042045,0.2728523835016645,38.279225068393295,5.671134848255636
6,5.067500581636085,0.24410011018074051,107.44562740819991,51.36235286128282
