peakNumber,peakLocation,FWHM,intensity,% Error
0,1.7975001143270786,0.051871642763185344,39.7511678103528,0.7421880403461504
1,2.057500151483146,0.1760212620968964,52.05434216400408,3.6527873339057235
2,2.6175002315116,0.04371598344243033,14.016393345695235,0.9596988749310285
3,2.922500275098525,0.046581181188883214,739.4161587198957,4.86917498338588
4,3.4375003486961213,0.25547579699659506,48.72674932842392,5.954573520534391
5,4.142500449446228,0.06080727531559571,116.95082656315094,2.5603266151284125
6,4.507500501607631,0.07162813565995307,16.646386570232494,2.2513648611319157
7,4.622500518042045,0.05812420353705949,11.066586922560589,0.5428584086196565
8,5.072500582350624,0.10202345747937436,205.93808205398796,25.912708582546344
