peakNumber,peakLocation,FWHM,intensity,% Error
0,1.8375001200433967,0.023926388049402503,603.2545381981782,1.1612497712140788
1,2.122500160772163,0.021529247591609124,483.12590830973846,0.9069507701434887
2,2.527500218649884,0.08012207273941918,68.5237479735095,0.1177049499158077
3,2.697500242944236,0.06527783729159076,69.23528827071465,0.1951075659137242
4,3.0025002865311614,0.027887488348985023,1569.2303869360744,6.5910043976031645
5,3.5225003608432974,0.03489246154883707,374.6260853390469,3.2630282482756185
6,4.252500465166103,0.03852244366141733,299.35322192670014,2.635753482322129
7,4.632500519471126,0.168986003138051,140.7573678057487,4.45239995412244
8,5.2025006009286585,0.049714706287819155,301.5260712582564,62.46682940439177
