peakNumber,peakLocation,FWHM,intensity,% Error
0,1.9225001321905726,0.039508978115547544,51.772421729079426,7.46159362279753
1,1.9225001321905726,0.07998598172845606,51.772421729079426,1.3233788502840915
2,2.262500180779277,0.02516683374791784,55.62529783633185,22.420612947581162
3,2.7475002500896335,0.262305375335806,151.38030507018698,39.48945470216891
4,3.512500359414218,0.4626182421825771,56.7297053253735,5.094702726495023
5,4.142500449446228,0.0892056219264381,28.62333405986167,3.03646016004042
6,4.387500484458676,0.05843397535041195,8.132518692669397,0.6301746447082865
7,4.542500506609409,0.05750696075409323,18.24361160110025,1.7067848371791279
8,5.062500580921545,0.21900942474735086,77.58512345073687,21.93519339350706
