peakNumber,peakLocation,FWHM,intensity,% Error
0,1.8325001193288568,0.0374735495464289,105.00837618319623,4.503487890211913
1,2.1175001600576238,0.14080941078980636,67.32859865713846,8.144698074127922
2,2.9125002736694463,0.13978961577885407,312.4756693378899,15.526822718128303
3,3.5175003601287576,0.1348184032466362,108.69145568362197,3.9205255799829644
4,4.127500447302609,0.30331974567828146,63.41922840054875,6.006513351989933
5,4.53250050518033,0.15928543224881686,27.744845658546303,2.6285003226185366
6,5.062500580921545,0.20940224687167852,115.93745632712181,41.73827308895773
