peakNumber,peakLocation,FWHM,intensity,% Error
0,1.8375001200433967,0.019619673928195747,653.154423887583,1.7079690249901314
1,2.122500160772163,0.021021496631906,567.9919589274242,6.361883264253741
2,3.0025002865311614,0.023637935499521756,1657.082902463961,5.3891356379082325
3,3.5225003608432974,0.02927017710898916,378.26742187280456,6.793087841727946
4,3.9875004272954957,0.09660258611252814,86.05581262003784,0.5423322867724372
5,4.252500465166103,0.03265635162957903,322.8408232002187,3.367127088446944
6,4.752500536620079,0.15982825542884527,144.10984934072087,4.353058718892443
7,5.2025006009286585,0.042428966246289335,327.59238092082256,53.19539580690752
