peakNumber,peakLocation,FWHM,intensity,% Error
0,1.8375001200433967,0.03159101259563668,288.2872422459246,4.568641241255565
1,2.122500160772163,0.031034492489187215,239.16957124438085,3.3821508883823204
2,2.4925002136481056,0.07773543698871999,63.07843588422014,0.5732568624031954
3,2.932500276527605,0.10429591081953271,813.6501272621772,18.725693732934936
4,3.5225003608432974,0.10374810181179939,196.81666628512937,5.220260560956918
5,4.252500465166103,0.1634298307958817,151.30091366678317,5.483332312845163
6,4.632500519471126,0.2935267517324762,75.89048722487092,11.931601912214882
7,5.0875005844942445,0.17420904015532113,209.34944059670096,58.5261735619687
