peakNumber,peakLocation,FWHM,intensity,% Error
0,1.8325001193288568,0.12193733632349635,104.6117470013699,9.748035230688485
1,2.1175001600576238,0.051437072408897944,61.10346401275649,0.8280811094906029
2,2.267500181493816,0.03715684710306322,47.85761887934976,3.533795279612792
3,2.9925002851020825,0.27112981338877296,253.92655979231426,23.388860477816525
4,3.5175003601287576,0.15098388004620134,105.08369913598725,4.902899046526806
5,4.147500450160768,0.27134049544739103,56.235374165623796,4.392351519170489
6,4.53750050589487,0.15664853729184003,27.027792738913334,2.241821393751495
7,5.062500580921545,0.22859382964696806,103.82753211534947,39.693403388809934
