peakNumber,peakLocation,FWHM,intensity,% Error
0,1.7925001136125387,0.025770286692401667,183.72727106901442,8.978162162258766
1,2.1275001614867026,0.1477735406559284,89.79062192024787,12.999774489758916
2,2.4925002136481056,0.063086794299267,29.329819059361114,0.4540665354531078
3,2.702500243658776,0.06073625199155552,27.91647795778192,3.192724527086493
4,2.932500276527605,0.0330983118567425,1257.4643828090195,13.740481115961947
5,3.442500349410661,0.05501607864044855,104.30433461349276,4.844554690989274
6,4.157500451589848,0.0702044433843616,137.9050692762537,22.68269806348483
7,5.082500583779704,0.07288729819705342,297.91425765339517,27.331040119174848
