peakNumber,peakLocation,FWHM,intensity,% Error
0,1.8375001200433967,0.028802138842886738,377.0134524202546,9.417774252899015
1,2.122500160772163,0.03063827561867516,285.10952125575494,0.8987226123833687
2,2.5025002150771853,0.0935466442637436,77.18490972106105,0.1774188629466311
3,3.0025002865311614,0.09643176074833404,926.3767939915999,14.172528743899877
4,3.5225003608432974,0.050375097824039816,253.54361892554562,4.017209544563527
5,4.252500465166103,0.13684433936350437,195.57181906700987,3.5902775236432536
6,4.632500519471126,0.17838115830328505,106.49473193964224,2.944872201466265
7,5.2025006009286585,0.199850622679004,172.43866253128994,72.32485647875107
