peakNumber,peakLocation,FWHM,intensity,% Error
0,1.7925001136125387,0.056983222869365635,139.70956721826815,9.140678162725619
1,2.4125002022154693,0.04999195753809138,19.948986802262592,0.5441722674938418
2,2.577500225795282,0.08118709645702138,18.649624491604754,0.863331521163408
3,2.922500275098525,0.04267791507975005,972.7973074740654,6.13804947773645
4,3.432500347981582,0.11206064729079257,108.19233163611341,5.6711267799833855
5,4.147500450160768,0.061566473625774165,155.45876164113065,8.603771091189776
6,4.517500503036711,0.06502344909030455,34.262058387249226,0.7985718041673155
7,5.072500582350624,0.08900506974217404,282.0486036068738,38.58459371293985
