peakNumber,peakLocation,FWHM,intensity,% Error
0,2.0525001507686063,0.3130233566583729,57.81194181094804,6.349902084109278
1,2.6125002307970604,0.04991271726030533,15.915424563929376,0.9487935867904711
2,2.9175002743839857,0.051090595598185296,720.9121941947642,4.753487811205566
3,3.432500347981582,0.16331044306021836,56.60845632418176,5.982140036557284
4,4.127500447302609,0.06853465013586124,110.53278570835585,4.5805399529326625
5,4.352500479456899,0.06612305891780945,9.120473047864209,0.09856339228731807
6,4.502500500893092,0.07572542273228322,19.023587887444023,1.631431313514595
7,5.057500580207005,0.11227335782417391,210.70293138263753,28.13767486675171
