peakNumber,peakLocation,FWHM,intensity,% Error
0,1.8325001193288568,0.13407501512294484,68.04773484345972,10.605155320635049
1,2.1175001600576238,0.1417170331303259,45.86120324040914,10.059577255900646
2,2.9125002736694463,0.26295370359768766,241.07130056805184,16.21259817323073
3,3.5175003601287576,0.16759239188330577,84.79207955795226,4.68497819271334
4,4.147500450160768,0.20776620057983664,48.03583388098659,4.238742930236961
5,5.062500580921545,0.19073020122970252,103.2836598401851,30.363046231588818
