peakNumber,peakLocation,FWHM,intensity,% Error
0,1.7975001143270786,0.03109811636168769,99.14529229197439,0.7984627687107974
1,2.077500154341305,0.1770566109968057,50.99112699441872,1.8483861969226238
2,2.562500223651663,0.032797325287449386,19.74947103806886,1.859941596851284
3,2.937500277242145,0.038748083680895995,1013.7574338529402,10.864884187352427
4,3.447500350125201,0.06125273707424794,83.08891574565462,2.141889155107787
5,4.167500453018927,0.04887538426092597,157.5632488904609,1.2665583627357428
6,4.5225005037512505,0.06324664428786342,25.978731895423607,3.205602021761593
7,5.092500585208783,0.08026659086271337,258.29365258966686,29.41482303474825
