peakNumber,peakLocation,FWHM,intensity,% Error
0,1.8375001200433967,0.02682620843607353,433.8344950521104,1.6303964125806572
1,2.122500160772163,0.026427324830796906,395.63393581906763,4.659959990684371
2,3.0025002865311614,0.035435904459899525,1158.0483450001711,8.600059082580897
3,3.5225003608432974,0.04539134452421045,271.7440299926279,5.013016271769457
4,3.967500424437336,0.17007765782657014,103.97557397894639,0.1891805171939505
5,4.252500465166103,0.06422644753218698,231.62666457914798,16.0310798437198
6,5.2025006009286585,0.054619331546618355,205.93088410443534,72.70277977849805
