peakNumber,peakLocation,FWHM,intensity,% Error
0,2.0075001443377487,0.2414068096242814,40.89565746516598,1.386573913780113
1,2.8525002650949687,0.3628452409893166,84.72931396214994,1.8995545449531803
2,3.512500359414218,0.4571956214252695,34.90204753223912,1.4638165407795123
3,4.032500433726354,0.06367057864636294,13.2303551340392,1.4246158890032709e-10
4,3.5575003658450757,1.0313512174368986,33.999191700579445,1.3793338057859799
5,4.3825004837441375,0.12672106749332013,11.464185404049374,1.266588892193718
6,5.0475005787779255,0.2594378950778564,79.3646283283079,19.376440747505978
