peakNumber,peakLocation,FWHM,intensity,% Error
0,1.8325001193288568,0.02699533187021541,387.53410531381917,3.3957819187095577
1,2.1175001600576238,0.031259135862029996,234.53668846601929,3.5603520862133484
2,2.997500285816622,0.03281076232209568,963.058678384295,10.26789160552421
3,3.5175003601287576,0.04562541336755199,272.7183659593504,4.489615821480556
4,4.242500463737024,0.05572166949246604,173.2933735039212,0.8213624517467775
5,4.627500518756585,0.17166541764814358,98.78393007288834,8.175741430273446
6,5.197500600214118,0.0529269302275468,191.66286429405284,53.83170918042867
