peakNumber,peakLocation,FWHM,intensity,% Error
0,1.7925001136125387,0.022251657219461096,209.80231298019243,5.182581802593402
1,2.0725001536267658,0.14168064558438087,55.64357881241705,5.408629772523825
2,2.3925001993573103,0.052220740155153766,16.626957144284916,0.47195395501535337
3,2.82750026152227,0.51837757136291,25.88891960314055,2.1168195816935627
4,2.9275002758130655,0.03326025935730126,1012.4299593678459,14.028600405558908
5,3.442500349410661,0.06016608881982011,98.9280392823689,4.06470251886671
6,4.157500451589848,0.06412539603193856,124.58842903866855,4.537558898909875
7,4.5225005037512505,0.05498187555952061,30.010975140203186,8.557841136367164
8,5.0875005844942445,0.07363288689404257,277.8054084629173,25.493474138412473
