peakNumber,peakLocation,FWHM,intensity,% Error
0,1.8375001200433967,0.021673500088956077,625.0972169665538,1.2739180027870534
1,2.122500160772163,0.021016482043585416,590.3252372478165,3.4592755517883127
2,2.752500250804174,0.0324881166813058,64.57204957614101,0.2982347974856883
3,3.0025002865311614,0.025858469187220567,1623.1775926621726,4.60853194410209
4,3.5225003608432974,0.03200629620911721,362.1778908789485,7.635515715260792
5,3.9875004272954957,0.05455706520365977,85.1524112426248,0.8709964889311929
6,4.257500465880643,0.03465772455254701,316.68099418825415,3.533085406230819
7,4.757500537334619,0.1652120527539278,139.46277889131193,4.273817536227422
8,5.2025006009286585,0.04622175324467204,311.0250743220535,54.6377777774268
