peakNumber,peakLocation,FWHM,intensity,% Error
0,1.7925001136125387,0.026087428517113986,162.4687030147511,5.840736716017538
1,2.1825001693466404,0.09204278746628258,126.49189123917233,18.676168498863717
2,2.4925002136481056,0.05627223231557066,35.85094115759921,2.852238245916287
3,2.702500243658776,0.05680224873872408,30.619704068064266,3.1071618312887663
4,2.932500276527605,0.03445546507815811,1056.817649861171,18.762617073480044
5,3.4375003486961213,0.05750217081771947,90.65692784610366,5.940751638208323
6,4.152500450875308,0.07695391445144395,121.68367402939282,10.341361782552411
7,4.5225005037512505,0.058810018142604115,30.950913145903087,11.439741995046225
8,5.082500583779704,0.07519164403620326,267.73537444613015,24.294611521048868
