peakNumber,peakLocation,FWHM,intensity,% Error
0,1.8375001200433967,0.02325339088327083,605.3570241602747,1.418428559138661
1,2.122500160772163,0.02284011298204769,413.80803412570174,0.8978065691241451
2,2.8025002579495712,0.2588812986357296,61.32631722665269,0.7208790712651831
3,3.0025002865311614,0.027142686073162725,1451.744992185757,14.231358019211928
4,4.252500465166103,0.03833358149634414,253.19514776281488,1.4139125839139925
5,4.632500519471126,0.1670831732538538,135.1305551274719,5.381797640235001
6,5.207500601643198,0.047773212503384954,285.9209957318479,56.6745565450977
