peakNumber,peakLocation,FWHM,intensity,% Error
0,1.7925001136125387,0.03162154369258663,122.88736888000005,3.51855352218696
1,2.067500152912226,0.10900134311314558,61.43550427145311,8.01789587593434
2,2.6025002293679806,0.02654903070716763,11.015096703006693,0.21830919982134098
3,2.60750023008252,0.08348586276239311,10.949526424746352,0.1689984293460934
4,2.922500275098525,0.03560581581702049,1257.4039557804379,7.203143591966783
5,3.432500347981582,0.05601140469389998,95.53555461478442,4.8401587336153495
6,4.147500450160768,0.04967457538809583,178.29663216424393,1.8057848768756177
7,4.512500502322171,0.05919094354840837,29.601099102936814,1.8150541519722259
8,5.072500582350624,0.07309265923879771,322.78875141232146,29.287357283387088
