peakNumber,peakLocation,FWHM,intensity,% Error
0,1.8325001193288568,0.029278187454602422,450.60666492096425,1.3246387203180148
1,2.1175001600576238,0.033385124813542166,269.0247959586304,0.7232016926193716
2,2.377500197213691,0.02673500704882592,75.02850662454597,0.1954682288459264
3,2.8175002600931904,0.5684159833466187,99.5052936299,0.2831152655854772
4,2.997500285816622,0.04066631724495773,1095.554577431429,3.1569650605925426
5,3.512500359414218,0.0556995615871827,276.4083006589635,2.7294903101084738
6,4.237500463022484,0.06376229785216836,215.95775029110894,0.8325813344100865
7,4.622500518042045,0.18233694319353067,112.91562168379846,3.139815840931495
8,5.197500600214118,0.0691579364495718,208.90058195896444,75.7870802693967
