peakNumber,peakLocation,FWHM,intensity,% Error
0,1.8375001200433967,0.03076067725217646,295.49974107249216,1.8415627152955656
1,2.1275001614867026,0.026398596313551792,423.25270668348537,11.589694600932784
2,2.4925002136481056,0.051223449964572065,73.49072253652787,0.35408963520608744
3,2.7125002450878553,0.04464024134438205,103.95855390488555,1.9868909497680287
4,3.0025002865311614,0.056161996057914276,743.3947610041173,9.756379984878452
5,3.5225003608432974,0.05656735745981267,196.12426400238684,4.641507148314531
6,4.257500465880643,0.3266409535419279,190.5216954436778,8.583093522354348
7,5.2025006009286585,0.18195003606843319,115.14907298305852,66.2656853733107
