peakNumber,peakLocation,FWHM,intensity,% Error
0,1.9225001321905726,0.03608948728639749,124.08186421407584,11.464735751184797
1,2.262500180779277,0.023645830017587688,154.24560532519848,5.854631046778882
2,2.7475002500896335,0.03490265261872816,309.45148788751294,58.077056492835624
3,3.512500359414218,0.16371904026919326,59.121793138834846,12.667906440886888
4,3.737500391568507,0.15376028064319724,49.67272710207442,6.222183578635072
5,4.147500450160768,0.07090504654877794,51.032048177924594,9.244243666590998
6,4.53750050589487,0.04354357049626767,44.74789428776933,22.317587437707854
7,4.692500528045603,0.05512195091792904,29.505549738281843,1.2018109002945552
8,5.052500579492466,0.18642617724741317,86.87021133448687,8.76350827351545
