peakNumber,peakLocation,FWHM,intensity,% Error
0,1.7925001136125387,0.06419173484156193,181.23266370238014,18.82770583844993
1,2.122500160772163,0.0356039858701358,122.911664506009,3.2186935095123483
2,2.337500191497373,0.16427911732590283,35.926789170930135,1.485773988490453
3,2.4925002136481056,0.07237052998742843,34.79977097274525,0.4328975641608856
4,2.932500276527605,0.0340723368399356,1304.3449234234326,9.127257519833423
5,3.442500349410661,0.13337016429258952,126.22622926410929,4.85306282424744
6,4.157500451589848,0.07388488284151862,149.71670497635756,9.748625045662957
7,5.0875005844942445,0.072419428465202,304.12470607340964,40.715356069977574
