peakNumber,peakLocation,FWHM,intensity,% Error
0,1.9875001414795894,0.21999902585128717,32.514567140904546,4.613017096386547
1,2.267500181493816,0.03503126206584284,17.589150315945005,4.933214777337766
2,2.7475002500896335,0.34620276985572973,86.79608378998546,5.034333182087717
3,3.512500359414218,0.468703212588236,36.912550231073,2.0724880694604964
4,4.057500437299052,0.007598963906334966,12.394134238691208,2.981598550327442e-09
5,4.142500449446228,0.11829478314414033,15.188655101259199,1.3388199044266997
6,4.312500473740581,0.04055866421990295,10.037041321616186,0.29790929051968934
7,5.057500580207005,0.25560018801865514,78.4905834330055,18.084774757142096
