peakNumber,peakLocation,FWHM,intensity,% Error
0,1.7925001136125387,0.029834818812704222,131.8999525162384,25.39073598115752
1,2.122500160772163,0.09274419170017056,159.1189952518809,30.15522126204944
2,2.702500243658776,0.057396389659061686,46.714914920905244,2.665614586262963
3,2.932500276527605,0.0352710668099081,895.4993918714408,20.73903581852459
4,3.442500349410661,0.14899560724458816,87.07574975214743,4.785084985278275
5,4.157500451589848,0.09817658450929478,112.41327836996226,12.870288367546836
6,4.5225005037512505,0.2043415854637276,27.62661416035712,11.1258214279031
7,5.082500583779704,0.07842095184383968,223.46239118414547,30.086157870454493
