peakNumber,peakLocation,FWHM,intensity,% Error
0,2.047500150054067,0.3143140263951929,48.9408775363155,6.223243817484754
1,2.362500195070072,0.05138148442279267,18.806632850192955,0.758466012914638
2,2.4275002043590885,0.06099112117616867,12.751886534493792,0.18895068872447915
3,2.9175002743839857,0.05059871978824715,588.1020562278275,17.08271302050107
4,3.432500347981582,0.2333915767193835,41.82295945600555,5.123631219614273
5,4.127500447302609,0.07954130114662217,76.3555886883625,2.2065256572237972
6,4.512500502322171,0.11298451984641211,16.863527120303843,3.7499031393064075
7,4.712500530903761,0.05985548548418862,13.942123316555467,0.7140277910706779
8,5.067500581636085,0.12284100674441945,155.0734276989582,21.14802365150094
