peakNumber,peakLocation,FWHM,intensity,% Error
0,2.0525001507686063,0.2021266156167396,50.41674246755929,4.6934846060157716
1,2.362500195070072,0.050913107646102684,22.79253599786057,1.4595629452481762
2,2.9175002743839857,0.050160647744049935,403.17749942292426,14.81755334956301
3,3.5225003608432974,0.1512321369222307,52.78383054291072,9.076891653158663
4,3.8725004108610803,0.14435707811692478,24.890502071726075,1.4429479252257817
5,4.132500448017149,0.08295254267628138,52.49693042497495,4.342664594239248
6,4.582500512325727,0.045646288913983035,16.08187114611752,1.088751901593619
7,5.072500582350624,0.14656853729490038,127.02315165764065,22.13449221773865
