peakNumber,peakLocation,FWHM,intensity,% Error
0,1.9225001321905726,0.11883345801447676,54.75308720907145,6.856376590942386
1,2.267500181493816,0.02571068012316946,82.30453902701294,14.25473169469536
2,2.7475002500896335,0.06384254242051934,146.93213014906763,17.12316573436541
3,3.512500359414218,0.42839660102534394,41.009588282337006,5.238315706682712
4,4.147500450160768,0.06683386177804085,24.94076428121548,2.467896558597669
5,5.062500580921545,0.24369242676559555,77.74233929460746,14.553203230717413
