peakNumber,peakLocation,FWHM,intensity,% Error
0,1.827500118614317,0.07225828924096933,65.79395632364105,1.2771382341965862
1,2.047500150054067,0.19642604237146033,60.26435599768325,5.236055820420013
2,2.6025002293679806,0.32588604381188047,32.149316215003466,0.7257741871776971
3,2.9125002736694463,0.059607217503175214,528.5667344700998,10.116207824118808
4,3.5175003601287576,0.192147067822527,64.20936811773726,9.730880251076684
5,4.11750044587353,0.100635176423296,77.03850586210143,5.601806174860733
6,4.507500501607631,0.09087644013049534,22.354160281445786,1.4289153341005227
7,4.507500501607631,0.1411805778862023,22.354160281445786,0.5411175024327128
8,5.057500580207005,0.14383057640072927,165.9464693950585,28.81949744960157
