peakNumber,peakLocation,FWHM,intensity,% Error
0,1.8375001200433967,0.03450872585453446,206.77282811484892,4.81674085916649
1,2.122500160772163,0.028152332454847162,272.35257753542714,13.474349656495352
2,2.4925002136481056,0.04937266590358247,64.31044344496607,1.1297243384172726
3,2.702500243658776,0.057647599865902066,73.01439881200255,1.1429129348247988
4,2.932500276527605,0.1193334901499985,638.2384810797661,12.621123396302849
5,3.5225003608432974,0.12325794647383592,147.4699473546709,4.714006375660743
6,4.252500465166103,0.17305062023089413,132.7281227051274,4.204012603577432
7,4.632500519471126,0.17341351284113582,52.07768837098874,2.0110363334435015
8,5.0875005844942445,0.091266843693389,160.48066157691417,49.33816443773142
