peakNumber,peakLocation,FWHM,intensity,% Error
0,1.8375001200433967,0.02600568087885069,569.9415226083706,1.3805243965312881
1,2.122500160772163,0.025940282782877855,383.53741204637174,0.7246526456180131
2,2.722500246516935,0.35538102911017244,91.85834138178211,0.21170272883761523
3,2.997500285816622,0.0325326978748004,1352.498621193129,4.5947584175614615
4,3.5225003608432974,0.04275788898675614,368.79384517053956,3.8503888859768014
5,4.252500465166103,0.057041568011406696,296.9085623924474,14.63997167426272
6,5.2025006009286585,0.05719783738162576,268.4968729945242,77.23624035744817
