peakNumber,peakLocation,FWHM,intensity,% Error
0,1.8325001193288568,0.026238255126988408,424.0534582217156,2.4111544612401645
1,2.1175001600576238,0.029377315534256265,217.12420524204566,0.05411186327533054
2,2.1175001600576238,0.03270562271440003,217.12420524204566,2.910502715142461
3,2.997500285816622,0.034354045302050995,991.0035519530982,9.607476994066879
4,3.5175003601287576,0.05033244822210259,270.9669596894478,3.991369540846395
5,4.237500463022484,0.061913937291228294,173.66555856415857,0.8191751903530043
6,4.622500518042045,0.17263697724611493,99.06368288851036,2.4850797287449473
7,5.197500600214118,0.055537867605298,196.33413191642998,55.02711168814764
