peakNumber,peakLocation,FWHM,intensity,% Error
0,1.8375001200433967,0.022072284087178984,586.1726648014112,1.1353018956656353
1,2.122500160772163,0.02009344080461828,569.7215329059616,2.7119087444060606
2,2.377500197213691,0.03492104739788715,68.07201882878616,0.06278826114613656
3,2.4625002093608668,0.025511017095805055,66.63032037901849,0.1334596972980117
4,2.60750023008252,0.025920154478101587,71.62597737268692,1.1301986685912742
5,3.0025002865311614,0.02534346423165479,1517.6941430583468,5.3022141293318015
6,3.5225003608432974,0.031341389306763556,373.1837620714117,4.626786596310333
7,4.257500465880643,0.03463803899097684,324.4933725827337,15.78187061245591
8,5.2025006009286585,0.04618578792095107,285.2737541347941,51.24061024025257
