peakNumber,peakLocation,FWHM,intensity,% Error
0,1.8325001193288568,0.028878659336283086,281.2346067353559,2.525182036335056
1,2.1175001600576238,0.03764824779790743,141.22816495023298,3.5166727623915572
2,2.9925002851020825,0.04233759421625782,603.6782498413194,11.66416172172166
3,3.512500359414218,0.06001090558210098,184.62332680105504,4.088052609396777
4,4.237500463022484,0.15561929732460733,116.10599673553816,1.935190168890783
5,4.622500518042045,0.05296022592428962,62.554556729309304,0.6575388725564646
6,5.192500599499579,0.23529273267560935,126.51295305260695,70.03413650489526
