peakNumber,peakLocation,FWHM,intensity,% Error
0,1.8375001200433967,0.031980258758026014,234.72814479501102,8.617704377712588
1,2.1275001614867026,0.026253010043189917,385.1833816003382,13.12345714144053
2,2.4925002136481056,0.052660475277047425,73.47821040415766,0.5067324712040125
3,2.707500244373316,0.04685844071220169,99.29022726589943,1.877786421515463
4,3.0075002872457017,0.12304528072394438,592.1849260022998,19.170101058427107
5,3.5225003608432974,0.06686692620624202,170.3719383349021,3.6638247289520995
6,4.257500465880643,0.341301445223011,170.7448297864895,8.042088757869422
7,5.0875005844942445,0.26337339567563145,91.84105351605449,87.82813236695321
