peakNumber,peakLocation,FWHM,intensity,% Error
0,1.7925001136125387,0.022430988273164143,267.85235811921393,5.293039586438887
1,2.0725001536267658,0.20448064953762812,56.71960941212325,11.992907135568204
2,2.167500167203021,0.6601901731724671,53.34622450995528,1.756947424795775
3,2.9275002758130655,0.032653805168343375,1341.4606525126762,10.580513798422603
4,3.4375003486961213,0.054186453988252836,108.73332084136723,3.7861482344638286
5,3.8425004065738424,0.08083421050310768,24.87598894592776,1.2665976753125572e-11
6,4.152500450875308,0.06759238123825995,142.12973578136962,8.449362093117873
7,4.5225005037512505,0.05506871415518777,37.98694068591027,5.121085049797971
8,5.082500583779704,0.07215738948776984,333.09177138476406,25.086735360960155
