peakNumber,peakLocation,FWHM,intensity,% Error
0,1.9225001321905726,0.12755594741554566,104.66882741947889,16.253273107406454
1,2.262500180779277,0.030991482062062037,93.60657844398234,3.476918403038529
2,2.7475002500896335,0.2828689366704773,236.21809827457054,40.39287167513284
3,3.512500359414218,0.3522391899863502,82.5033468449853,9.442271516298144
4,4.147500450160768,0.15232687643676446,52.007856886635565,11.880276937360364
5,4.53750050589487,0.23344760444208923,31.397676600932314,13.396340140321945
6,5.057500580207005,0.21369379633027474,95.39459367627983,33.33406206100053
