peakNumber,peakLocation,FWHM,intensity,% Error
0,1.8375001200433967,0.021628009202936394,627.2973612923336,1.4004133090979622
1,2.122500160772163,0.024833215132671338,378.3654448007537,1.1047780181325566
2,2.342500192211913,0.07187053018735412,61.97590107655708,0.3920145218754646
3,2.717500245802395,0.04600571273223908,90.92190868772735,1.2855073374179422
4,3.0025002865311614,0.02504247920541003,1427.4353762956289,3.2147915592996137
5,3.5225003608432974,0.03255142072314099,350.1946686335882,5.214060869820162
6,4.247500464451563,0.039959244949291595,251.08566866751437,0.7799951398950804
7,4.632500519471126,0.16084195812067748,133.97129526661843,3.7464419423436737
8,5.2025006009286585,0.042825399208093806,275.7001535616779,50.77404284336923
