peakNumber,peakLocation,FWHM,intensity,% Error
0,1.7925001136125387,0.03520988685463444,133.14433562490893,8.257620354909676
1,2.922500275098525,0.03916216008820328,1084.3464620025288,8.100139383818671
2,3.432500347981582,0.06383676265190807,94.90692815581718,4.710290196850106
3,4.142500449446228,0.053168949655854725,157.09010591071427,4.146499525954659
4,4.512500502322171,0.0594647523014471,30.151001231521832,2.6411316809958842
5,5.067500581636085,0.08142105393078758,290.929494801947,27.018178514454185
