peakNumber,peakLocation,FWHM,intensity,% Error
0,1.7925001136125387,0.025945646038441073,169.449298662121,4.636613205924258
1,2.1475001643448617,0.12105011903519669,67.01107955313569,4.616610794051698
2,2.337500191497373,N/A,0.0013554877644698497
3,2.422500203644549,0.10061489689029157,15.733574752215418,5.03987487214782
4,2.6175002315116,0.06108950484108666,9.691495267133462,1.7819884869749254
5,2.932500276527605,0.036773673227338044,938.3447943949384,26.859222068233663
6,3.442500349410661,0.06940134194386038,86.30734987796023,3.2031908348518447
7,4.162500452304387,0.0838461262314576,99.46740040332571,22.75411930481284
8,5.0875005844942445,0.07989783101727976,245.50363201882539,23.916822731572516
