peakNumber,peakLocation,FWHM,intensity,% Error
0,1.7925001136125387,0.023452234935810834,226.1422806276837,8.246875628920087
1,2.1825001693466404,0.030057885320058375,133.4369780376897,2.5067343451824717
2,2.2475001786356574,0.3797767587709484,19.281432305450778,2.026002030729295
3,2.697500242944236,0.06021651923023841,11.159547039100403,0.37238444624340694
4,2.932500276527605,0.03342998564787614,1344.3103608021088,24.109620135542755
5,3.4375003486961213,0.05413073374982824,108.3375528443359,6.646949400175238
6,4.152500450875308,0.06855592053772863,138.2119581537766,10.346252630082503
7,4.5225005037512505,0.20267678719511384,38.32785197583786,8.361274672991897
8,5.082500583779704,0.07127254663522997,331.66474030527456,27.96046571509369
