peakNumber,peakLocation,FWHM,intensity,% Error
0,1.9225001321905726,0.19935491918065185,34.88334146294383,6.512140255260898
1,2.267500181493816,0.02735293073739653,33.27435595196536,9.123342257274862
2,2.7475002500896335,0.31783930230013313,111.18712188679062,11.214831311945344
3,3.512500359414218,0.4970902360014029,46.20629387071001,2.5310997201448555
4,4.147500450160768,0.13412115437365824,21.523629097435716,2.4738541112553434
5,5.062500580921545,0.24369350884980445,80.07126599440588,15.761112127833885
