peakNumber,peakLocation,FWHM,intensity,% Error
0,1.7975001143270786,0.03033357033375239,117.24027665435739,2.705892060859413
1,2.077500154341305,0.14203800385839283,54.906382168370044,1.951599755181286
2,2.452500207931788,0.1954975204006031,13.988372791132349,2.9107015651350423
3,2.932500276527605,0.038996236242670346,1023.9517962452605,26.748258969246763
4,3.447500350125201,0.05445404743116189,90.01221133777557,1.445943502499497
5,4.167500453018927,0.048557415701481865,162.90117761096235,0.9183790133734576
6,4.517500503036711,0.06116126476940398,26.62717261528877,5.110305486895294
7,5.0875005844942445,0.07986012314926683,267.6695259815723,28.112988331043926
