peakNumber,peakLocation,FWHM,intensity,% Error
0,1.8325001193288568,0.04196846573989532,131.7171010485643,5.380803150345518
1,2.1175001600576238,0.04608338349137098,90.66021297956604,1.4680475923784928
2,2.9125002736694463,0.12933929123557864,447.21285912828347,10.465565234962813
3,3.5175003601287576,0.1365315761217758,109.78633007277818,3.829761835999417
4,4.1125004451589895,0.20571998636585676,84.27722112982576,7.172354315080293
5,4.512500502322171,0.07554608015711128,30.231405545128666,0.20299693027181964
6,4.617500517327506,0.20922675413432223,32.59487779602577,3.1346952212367003
7,5.062500580921545,0.16453329078497525,146.1452984739521,37.78356374136255
