peakNumber,peakLocation,FWHM,intensity,% Error
0,2.047500150054067,0.31994402766983887,54.893914115798054,5.651636570872341
1,2.362500195070072,0.0720931254082462,17.381754194339806,1.6487966460469392
2,2.4975002143626455,0.031510945707016624,12.444879889608217,0.464852526710938
3,2.9125002736694463,0.05367824298980217,572.7339875661073,11.304547077825594
4,3.4375003486961213,0.23269065500131214,46.6059693780565,5.042106954829862
5,4.122500446588069,0.0879414681242432,75.03964784179215,7.433950008953609
6,4.507500501607631,0.13200936251828033,16.415524263921384,3.947080444645816
7,5.062500580921545,0.1311868963111662,169.598668242372,26.19562645617732
