peakNumber,peakLocation,FWHM,intensity,% Error
0,1.8325001193288568,0.02641869867672053,416.0303174840467,1.1319576717706163
1,2.1175001600576238,0.03381585044453228,199.7748401645332,1.6982604189412929
2,2.997500285816622,0.03601749869631732,921.9912198876145,8.918647205077862
3,3.512500359414218,0.052576296565135294,248.71688419108165,3.3809687061146025
4,4.237500463022484,0.06553573102173615,163.45753549518548,0.6809467341418683
5,4.622500518042045,0.17106790992723475,93.76306721490522,5.184656813942556
6,5.197500600214118,0.06137775716727489,186.47565719807037,57.41911990836945
