peakNumber,peakLocation,FWHM,intensity,% Error
0,1.7925001136125387,0.022341923041039102,228.7447510167603,7.019458530266133
1,2.0725001536267658,0.1253996264748909,50.14639020473055,6.7094957287719375
2,2.1475001643448617,0.6182495495793834,30.56517813727055,1.9310751555614185
3,2.932500276527605,0.033596447218388725,1060.6945411888319,52.13960346552031
4,3.442500349410661,0.062415733351575575,97.91015581076903,3.4507828122586925
5,3.947500421579177,0.04773275268761301,22.34404618153542,0.01247535667253079
6,4.157500451589848,0.0778011929822906,113.01292616286224,4.692174484613211
7,4.5225005037512505,0.05432814715522927,28.73959193706378,7.323982559505369
8,5.0875005844942445,0.07220989847629067,279.1938550653951,23.141826084138494
