peakNumber,peakLocation,FWHM,intensity,% Error
0,1.8375001200433967,0.028640236162779997,362.9171674344404,2.179811924175966
1,2.1175001600576238,0.03326482600450298,228.10982575508314,2.3829827049389016
2,2.267500181493816,0.07841126334942938,64.55626373718161,5.17877061797959e-11
3,2.7625002522332527,0.4258617666459701,74.80338430460205,0.48704586835362695
4,2.997500285816622,0.10501035006644477,748.0668275641316,14.821431897773563
5,3.5175003601287576,0.05486682850266078,237.0638871082768,4.015673304522617
6,4.247500464451563,0.1528958659935098,166.2896162347322,5.12705301769575
7,4.632500519471126,0.05593442243863578,86.34876878256958,0.5459470388025743
8,5.0875005844942445,0.1878232974830123,194.4658056198481,60.779719160114084
