peakNumber,peakLocation,FWHM,intensity,% Error
0,2.057500151483146,0.31934238347459853,51.87485642347531,5.146864376421332
1,2.6175002315116,0.05737626410610197,13.07623674541395,1.2253257048729587
2,2.922500275098525,0.04972681958635583,717.1676224579207,3.9372652338591316
3,3.432500347981582,0.21219718066826543,49.94012966914789,6.0622983016644
4,4.057500437299052,0.15349353974870006,18.37855707848098,0.17240480748298498
5,4.137500448731688,0.06592905591787535,111.4480321696634,3.069636854324102
6,4.3275004758842,0.06516816156566474,9.769708664596862,0.008221851908455613
7,4.502500500893092,0.08962001324857027,17.308370179797805,2.5385359734316526
8,5.062500580921545,0.10452363826220257,201.56305495434412,26.61602977701133
