peakNumber,peakLocation,FWHM,intensity,% Error
0,1.9175001314760327,0.030073706976093018,110.15606239539119,5.222601136322646
1,2.262500180779277,0.021480200679023564,183.98469477182823,12.291144386585799
2,2.742500249375094,0.03153209971816073,296.24193538820236,141.8562196434115
3,3.507500358699678,0.19337395568805826,39.078435141844295,10.726588628887296
4,3.737500391568507,0.13025126688327981,45.80746312373458,11.02223209810829
5,4.142500449446228,0.04461433678031934,44.231206684605695,5.149085959537204
6,4.53750050589487,0.19523653330473856,36.51493716714555,17.148794488504315
7,5.042500578063386,0.2214503346846275,75.23270706133803,11.382320068438725
