peakNumber,peakLocation,FWHM,intensity,% Error
0,1.8375001200433967,0.02783296135941815,410.9833416039748,4.198778447107375
1,2.122500160772163,0.028097189650611032,339.93728813093355,2.575111986020983
2,2.487500212933566,0.09842966207458614,72.93373153205681,0.305614079614401
3,3.0025002865311614,0.0370363710412045,1051.50624666384,6.813148447893615
4,3.5225003608432974,0.04692000451115863,264.4453586631146,4.784805349662024
5,4.252500465166103,0.06449000554078133,214.50193284169194,4.684217791093649
6,4.632500519471126,0.17470389974309963,110.33566750248679,9.509232245780693
7,5.2025006009286585,0.16951036237610762,190.79363299304413,71.73599198257872
