peakNumber,peakLocation,FWHM,intensity,% Error
0,1.827500118614317,0.030863335835245698,177.5491112738112,6.265499202331598
1,2.022500146481368,0.06326137391097353,37.75386898751543,0.0023778797705765304
2,2.1175001600576238,0.18004806723524647,84.24277461904893,13.029540567186723
3,2.9925002851020825,0.04643124053896441,436.06574829337956,19.204061524706052
4,3.512500359414218,0.2896672797329236,148.36164178675511,13.502913930650118
5,4.617500517327506,0.12973465792471117,38.07842401107001,1.2522558636047632
6,5.187500598785039,0.23736947415857212,97.78004893178866,35.75607789951661
