peakNumber,peakLocation,FWHM,intensity,% Error
0,1.7925001136125387,0.027365842619160974,155.6708241386881,3.3527714993637914
1,2.162500166488481,0.03668565197281515,160.05536106349177,3.6518216076253536
2,2.4375002057881687,0.09372525653828889,27.737435685152263,2.5934014320555048
3,2.9275002758130655,0.03849480101100822,899.918830531999,21.049895024139623
4,3.4375003486961213,0.0656448944355783,78.17050815276622,1.8118655998964925
5,3.7825003979993657,0.11452567263232494,39.29028857722835,0.7171370389008564
6,4.152500450875308,0.08515404070652366,97.07869455441721,34.084572982083
7,5.082500583779704,0.08462951555636167,247.02984846749274,25.888751319827165
