peakNumber,peakLocation,FWHM,intensity,% Error
0,1.8325001193288568,0.028750948084190098,281.9404703941101,3.31824991765174
1,2.1175001600576238,0.03548612592734601,151.40747752766154,14.19474393380634
2,2.997500285816622,0.037791017340397026,722.231776874986,16.705969783529156
3,3.512500359414218,0.0572231186811627,222.9709330745795,2.8808032536790593
4,4.237500463022484,0.06651050203492748,128.60170067263232,3.355037630451479
5,4.622500518042045,0.17260931734439744,67.64627443499083,3.859613249948589
6,5.192500599499579,0.05886224946463425,145.46243858699512,37.37090389126596
