peakNumber,peakLocation,FWHM,intensity,% Error
0,1.8375001200433967,0.07357861882592975,112.4113650405667,17.80934507302063
1,2.122500160772163,0.027808386602650614,254.788789047556,19.8579384349807
2,2.4925002136481056,0.05194853198331728,56.65892786587483,0.93032529034025
3,2.702500243658776,0.05303557283301785,64.11548642401937,0.8519912069435861
4,2.932500276527605,0.1226714945759717,649.2898774002408,22.103579420830695
5,3.5225003608432974,0.37357183083980594,94.8192531396146,5.013486550352205
6,4.162500452304387,0.3488641391702987,101.3023123446091,8.380087581412745
7,5.082500583779704,0.0871841272980598,171.98125117041138,39.284130786627955
