peakNumber,peakLocation,FWHM,intensity,% Error
0,1.8375001200433967,0.02058293220150631,674.8537372598119,1.09913159698653
1,2.122500160772163,0.0191718553545992,707.7503699530355,1.7801096626617547
2,2.6175002315116,0.06478638820285232,59.500340462177576,0.008695698331329375
3,3.0025002865311614,0.023545165933664958,1824.3995270892244,3.071828485348981
4,3.5225003608432974,0.028938995414256485,425.1610647606671,4.5062025848509615
5,4.257500465880643,0.029595950841474483,386.0291105527545,3.2921448576371715
6,4.757500537334619,0.16282908424230325,156.41982714583418,4.754604904840446
7,5.2025006009286585,0.04223646815125015,356.7669044794293,51.639559628076206
