peakNumber,peakLocation,FWHM,intensity,% Error
0,1.7975001143270786,0.02597820344810775,178.61677727608952,4.1878491681656
1,2.077500154341305,0.10771172273345742,59.47619808852937,8.010676950129959
2,2.0925001564849244,0.6975154280210014,42.98276870984114,0.9605288321925375
3,2.472500210789947,0.2289846993856557,14.990160265905617,1.5618391213759437
4,2.932500276527605,0.034316389860851615,1232.7775015133868,6.233532398164232
5,3.447500350125201,0.052669486370938934,113.75792370408675,5.73444051867082
6,4.162500452304387,0.05282460528631461,178.94583097521786,9.585608151882017
7,4.52750050446579,0.059370884200205865,32.59985406659848,3.9633213291480556
8,5.092500585208783,0.07418580170419986,325.04383100839107,25.089404456988184
