peakNumber,peakLocation,FWHM,intensity,% Error
0,1.7925001136125387,0.029456818575299915,206.73028681626255,8.149832721367426
1,2.932500276527605,0.03408770718915344,1512.5083779951326,11.49418305744704
2,3.442500349410661,0.058793214540115546,121.5270496635232,5.380050064494508
3,4.157500451589848,0.0643714119154275,157.26504592588492,6.175172756652536
4,4.52750050446579,0.060668707123274324,41.814802866605305,4.661089993472337
5,5.0875005844942445,0.07080588979972724,353.89846130068315,45.45223497589678
