peakNumber,peakLocation,FWHM,intensity,% Error
0,1.7925001136125387,0.025781343183654437,173.65361863092033,5.026658579617188
1,2.1475001643448617,0.09909798211899856,82.4649327885399,8.955710199940865
2,2.4775002115044864,0.12531909798502738,15.784273217594546,24.83551737243881
3,2.932500276527605,0.03594389037005952,1009.4028130598281,22.06193002046024
4,3.442500349410661,0.0683256857879404,80.95150193402225,3.6601435773032645
5,3.9175004172919388,0.07614148213934824,29.225292504645438,0.6971588598550575
6,4.157500451589848,0.0763329266551871,104.06290481989942,23.38382375410741
7,4.5225005037512505,0.06480709838053045,25.529489154215582,5.689066861804264
8,5.0875005844942445,0.07809113771173859,256.0447439294205,23.29865248734056
