peakNumber,peakLocation,FWHM,intensity,% Error
0,1.8325001193288568,0.32665290695239246,66.1660621924276,8.662130099178396
1,2.267500181493816,0.03583430873873228,38.56964313720579,1.481988931316199
2,2.9125002736694463,0.06636946400127064,322.62211364511256,15.288850256800115
3,3.5175003601287576,0.14216369098780213,74.93583569705663,7.4896597353558
4,4.127500447302609,0.12235846413469442,52.108057576711246,3.793777252032999
5,4.53750050589487,0.21700904622151462,23.889757226440054,1.6870559622022718
6,4.717500531618302,0.07333003683093153,24.950009314694682,1.8491417205484875
7,5.067500581636085,0.17509269690687557,118.75883319152376,33.44553537235951
