peakNumber,peakLocation,FWHM,intensity,% Error
0,1.7925001136125387,0.022073830626289093,216.20251500640518,4.444183145725254
1,2.0725001536267658,0.14088537576513893,50.15625714476573,5.781329731941831
2,2.82750026152227,0.5763225919210644,24.393556919754133,2.704774006679301
3,2.932500276527605,0.033383460531930975,991.8835737858244,53.73980359474664
4,3.442500349410661,0.06704938186196818,97.84715127756942,5.378063559489074
5,3.932500419435558,0.09908231447658178,21.84710625091276,1.1639901350923067e-12
6,4.162500452304387,0.07611221157481651,104.20630724378566,5.562553588387923
7,4.5225005037512505,0.056388205256629576,25.712146760129485,9.129063037866366
8,5.0875005844942445,0.07286913438923648,266.40951010213166,24.726641279881857
