peakNumber,peakLocation,FWHM,intensity,% Error
0,1.8375001200433967,0.06745097568955116,196.99521093201366,11.914845158703347
1,2.122500160772163,0.03146588766223646,196.0497791098935,3.9851323731894754
2,2.337500191497373,0.1988765880514176,56.78760454915687,1.75591933370014
3,2.702500243658776,0.06489868082552697,55.32548401373202,0.3977806038832519
4,2.932500276527605,0.03613729085621964,1029.0625869454645,8.777501287124315
5,3.5225003608432974,0.13570569296428436,139.2724393425429,4.812732255251446
6,4.157500451589848,0.15300633671098662,142.6497960995643,15.420135276265192
7,4.632500519471126,0.2976865198464713,50.964721773765575,6.6253998308794735
8,5.0875005844942445,0.07697216016064257,247.37692575784797,49.59192875158904
