peakNumber,peakLocation,FWHM,intensity,% Error
0,1.7925001136125387,0.02923062578917457,121.14278933669993,2.4315264588020162
1,2.067500152912226,0.13373389138699854,58.44261490569727,3.1789717084191276
2,2.9275002758130655,0.033021626843659835,1352.992073355067,4.233372824442771
3,3.4375003486961213,0.0512164592239337,95.6953836284406,3.9558411845332286
4,4.152500450875308,0.04391957794272816,198.57460860513504,2.4987658629112746
5,4.397500485887757,N/A,0.15492035164197268
6,4.512500502322171,0.05878375780303813,29.429215613561894,2.933936065289494
7,5.077500583065164,0.06886695359809814,331.7059424012073,26.36368291713672
