peakNumber,peakLocation,FWHM,intensity,% Error
0,1.8325001193288568,0.02734270922795945,456.89799276947167,2.214527555465145
1,2.1175001600576238,0.03164908305844705,263.21635078153395,0.8818291995902734
2,2.997500285816622,0.03639795983218841,1082.9173965664384,3.7829463684921265
3,3.5175003601287576,0.05047538370707949,280.3242497349056,2.6828505099008737
4,4.237500463022484,0.059412610657096465,206.70931207194812,0.6419477073265448
5,4.627500518756585,0.17695359048548998,113.20360190259456,2.713406954821356
6,5.197500600214118,0.06202226317505488,212.3179928452096,71.54941722691026
