peakNumber,peakLocation,FWHM,intensity,% Error
0,1.8375001200433967,0.029239291114832255,339.79052838113773,6.564785741640879
1,2.122500160772163,0.028734012530586384,306.1098091988474,4.616429132291347
2,2.487500212933566,0.06923924215258337,73.68974460112372,0.22057482703397555
3,3.0025002865311614,0.09950411723561281,827.5479002536902,13.10546849170209
4,3.5225003608432974,0.05569972282802427,223.28417393025126,4.904625823371864
5,4.252500465166103,0.1387326216274456,184.58665330401323,6.142256332470526
6,4.632500519471126,0.2676468286678215,91.39074043182876,8.171421664335083
7,5.0875005844942445,0.19751465986784655,156.9389450179579,72.67508003707924
