peakNumber,peakLocation,FWHM,intensity,% Error
0,1.8375001200433967,0.06955862966465198,153.15399313497414,19.502340421127943
1,2.122500160772163,0.02972107081856512,202.70522764430604,12.228273813078847
2,2.4925002136481056,0.0503573967704698,49.855978566882584,0.4708071171082344
3,2.932500276527605,0.035274230982711874,910.7932403765842,14.558343690089758
4,3.5225003608432974,0.14624347821760209,115.69476036368889,11.648502525390473
5,4.157500451589848,0.155222927401244,126.86184863018713,6.658849981167394
6,4.6375005201856645,0.21776756032229816,39.067141815139564,12.177441186442946
7,5.0875005844942445,0.07732285294307495,214.882798990379,52.346795185332965
