peakNumber,peakLocation,FWHM,intensity,% Error
0,1.9225001321905726,0.12249645565325484,83.5647669477468,20.358725864793715
1,2.262500180779277,0.028179709594016167,72.44056416543769,4.261755325409167
2,2.7475002500896335,0.28042665401067346,201.50525976650277,31.142752995833295
3,3.5175003601287576,0.3556805095752513,73.2588459826787,7.868806483743388
4,4.147500450160768,0.11120098972945147,45.770508406231684,11.5395492675793
5,4.53750050589487,0.0568071519788802,26.565680847315402,1.9041454013214503
6,4.7025005294746824,0.0558895579827583,20.719483411939127,3.0542051463942155
7,5.062500580921545,0.190905420886903,94.2621457771181,31.881617148948273
