peakNumber,peakLocation,FWHM,intensity,% Error
0,1.7925001136125387,0.021480405559836546,249.7605661897819,3.6829186713870414
1,2.0725001536267658,0.14861814425163566,56.64938178944362,3.8905225067207456
2,2.932500276527605,0.03254435089751162,1129.7997745944015,18.376515054465063
3,3.442500349410661,0.05608550235663712,105.54218776483827,8.385777987965797
4,4.157500451589848,0.06549194946968839,134.7479596320852,9.630703641624288
5,4.5225005037512505,0.05338404945099828,33.540232060218614,4.97682887608114
6,5.0875005844942445,0.07084481650629737,304.65603371476715,23.245459283943703
