peakNumber,peakLocation,FWHM,intensity,% Error
0,1.7925001136125387,0.024806888624523404,186.15975470366135,1.94495420283706
1,2.1825001693466404,0.02663904031779918,219.90593022318836,3.227848510521389
2,2.4575002086463273,0.08879781783567386,18.847584875091968,2.6907009194626856
3,2.9275002758130655,0.0349024040770054,1115.902393608891,5.603072841130403
4,3.122500303680116,0.0353282812841651,244.48499228754793,2.5026336897125914
5,3.4375003486961213,0.05784988299261862,94.51208175269261,2.5761012422914034
6,3.812500402286604,0.05470914101351676,57.950234979435834,1.2925972101925223
7,4.152500450875308,0.07910289143178861,119.66720505440333,25.839641777047433
8,5.082500583779704,0.07533672456283913,285.8443770392613,29.08186768691253
