peakNumber,peakLocation,FWHM,intensity,% Error
0,1.827500118614317,0.46659861300033345,90.7066421439595,35.00120888556184
1,2.9925002851020825,0.28555283161901857,224.14788893055984,37.915966315385596
2,3.512500359414218,0.17042370046040567,94.90450951251034,5.94568496411394
3,4.147500450160768,0.19807509867563766,55.17579938136082,5.797523350412898
4,4.53750050589487,0.2445594717449664,28.296268451341703,10.19151724081281
5,5.057500580207005,0.2186228775727015,100.50635785206426,31.43190154567259
