peakNumber,peakLocation,FWHM,intensity,% Error
0,1.8325001193288568,0.032653221845747815,222.2420923733657,5.92981508950325
1,2.1175001600576238,0.03934368479143702,129.2283591574328,2.812484117348024
2,2.9925002851020825,0.12996124983102852,459.45385184462964,9.68748861710548
3,3.512500359414218,0.07107496149202985,158.57187391946889,3.823748742195838
4,4.237500463022484,0.1999769666044564,104.72635915937516,3.9325201756413417
5,4.517500503036711,0.1251188357250408,39.364598998115454,0.14772015114895673
6,4.622500518042045,0.21715993601887806,49.58142009969052,7.658106247184422
7,5.062500580921545,0.2531612700258892,117.12648544448032,65.95157551405933
