peakNumber,peakLocation,FWHM,intensity,% Error
0,1.7925001136125387,0.062464081048165365,43.05650492734435,1.8657967987771855
1,2.0525001507686063,0.11996935795537111,57.81132373750745,3.765993535406148
2,2.6125002307970604,0.050286623476154535,15.915467944213901,0.9098886123245137
3,2.9175002743839857,0.051080417267522105,720.9125130229868,4.734945763785987
4,3.432500347981582,0.1686703820967641,56.60874690763518,4.9812469047555386
5,4.127500447302609,0.06977562571054197,110.53236782369765,6.394327081253418
6,4.502500500893092,0.07367403086090185,19.022850386714367,0.9951336770641533
7,4.602500515183887,N/A,11.799561565623662,0.9963429504889505
8,5.057500580207005,0.11174817960683736,210.70248077317643,28.59945993455078
