peakNumber,peakLocation,FWHM,intensity,% Error
0,1.7925001136125387,0.0270296575587905,179.8422134916625,2.3315614571085344
1,2.0725001536267658,0.09460868941813372,69.33955016205402,7.772080156737619
2,2.9275002758130655,0.03188456835796494,1472.715741516866,7.263980608536626
3,3.4375003486961213,0.046084574826693814,123.54104149266959,4.849059241017913
4,3.587500370132314,N/A,44.43277334159154,0.7493190419427722
5,4.152500450875308,0.041545064702074974,224.22823812353494,5.341509891777665
6,4.517500503036711,0.05617919200475896,38.068570776255456,1.666994225125601
7,4.6375005201856645,0.06117349613407175,17.370238577696398,0.4910406029056351
8,5.082500583779704,0.06870468552193998,369.6241717608879,29.88979252865802
