peakNumber,peakLocation,FWHM,intensity,% Error
0,1.9225001321905726,N/A,31.475399131460478,1.6121400838541828
1,1.9875001414795894,N/A,32.51487557576601,1.772406346135285
2,2.267500181493816,0.03910348920467577,17.589321074153787,5.095794115095891
3,2.7475002500896335,0.3414842685412349,86.79573089212093,4.045331781159449
4,3.512500359414218,0.42692949696379356,36.911963228699875,1.3570742803674363
5,4.142500449446228,0.20275761011181448,15.188506150948257,1.8729579560353082
6,5.057500580207005,0.25574366847543484,78.49076903219265,18.231864519951735
