peakNumber,peakLocation,FWHM,intensity,% Error
0,2.0075001443377487,0.2416186005844454,40.895326668206565,1.6313556430875615
1,2.8525002650949687,0.35977090099992015,84.72969134776139,1.8283519417351297
2,3.512500359414218,0.46124214378829187,34.90252931377319,1.5984998369022865
3,4.152500450875308,N/A,13.699787182531168,1.9221949848192814
4,5.0475005787779255,0.25785455653369205,79.36442184430518,17.740757022910397
