peakNumber,peakLocation,FWHM,intensity,% Error
0,1.7925001136125387,0.02368749249446167,237.47298683126314,3.586691941485229
1,2.077500154341305,0.10993861269171235,59.84326523287143,7.07272374478185
2,2.932500276527605,0.03337016591318509,1341.9562068329153,7.550901381677047
3,3.442500349410661,0.0511625914363969,122.79137478801499,2.7205535038678628
4,3.597500371561394,N/A,48.50537578628496,0.9250984328433027
5,4.162500452304387,0.05440713607578207,196.44569067401005,8.138802034037585
6,4.5225005037512505,0.0563431688969569,38.44005694803059,5.413373279264632
7,4.642500520900205,0.06454771325199182,16.73150403796916,1.2269554953875426
8,5.092500585208783,0.07284735373566242,353.7438960195698,32.873737319508734
