peakNumber,peakLocation,FWHM,intensity,% Error
0,1.7975001143270786,0.029644567636233132,136.5162189385909,2.381828234110288
1,2.077500154341305,0.13745893582129032,58.734923484503554,4.627403679989514
2,2.932500276527605,0.037417829992373086,1191.903285769414,8.701137971924332
3,3.447500350125201,0.05137731701120707,105.41002858492647,1.5914784401007784
4,3.587500370132314,N/A,47.80265715302744,0.9051674860128698
5,4.162500452304387,0.04513921371110641,192.57340541561848,1.9639558929323662
6,4.5225005037512505,0.06335974556030255,32.4071898727899,1.0871870405079276
7,4.647500521614745,0.05601464000049461,15.830790868316058,0.8438004085963293
8,5.092500585208783,0.07589946946306103,310.01869567022067,25.866112997176344
