peakNumber,peakLocation,FWHM,intensity,% Error
0,1.7975001143270786,0.07319218528068183,51.89900797454993,2.115271668925463
1,2.0525001507686063,0.12860730695933853,59.73758100454222,2.375492899041606
2,2.9175002743839857,0.053457852512960535,677.5152541991499,10.01691192681112
3,3.2025003151127525,N/A,14.229003845127465,0.1967232179709971
4,3.4375003486961213,0.1852814157019993,60.590312575652604,6.168444077779432
5,4.122500446588069,0.06926176809809714,105.71066675069773,6.43110962259053
6,4.512500502322171,0.0815607441365449,21.780929763770587,0.5740080744787986
7,4.617500517327506,N/A,14.900817854633717,0.29331077814002937
8,5.057500580207005,0.11885650625839439,206.41346940227743,29.459903099868406
