peakNumber,peakLocation,FWHM,intensity,% Error
0,1.7925001136125387,0.020489700326092875,327.16287465336524,5.989381053595934
1,2.0725001536267658,0.09883996421547514,63.077360134524326,7.115659147341521
2,2.9275002758130655,0.029885456019864698,1582.5680436996852,7.384815683369067
3,3.4375003486961213,0.04681647596959593,134.26349128718476,4.989738087375413
4,3.587500370132314,N/A,49.41646094801524,0.8867938407416925
5,4.152500450875308,0.05547901547670442,195.0521028876579,4.358292754718716
6,4.5225005037512505,0.04971462800145243,45.42704357994427,6.120900319852338
7,4.6375005201856645,0.05982785615942632,17.7248666698502,0.7910590697644462
8,5.082500583779704,0.06494798379133915,398.0254840153618,47.376980768528774
