peakNumber,peakLocation,FWHM,intensity,% Error
0,1.7925001136125387,0.03157954458587997,122.8875822141481,3.9260345031194586
1,2.067500152912226,0.08611608581452534,61.43817312464097,6.107910800605804
2,2.922500275098525,0.03558951471092353,1257.4026927275827,6.5094810037043205
3,3.432500347981582,0.05573764295426642,95.53260305118675,1.4698787394540795
4,3.5775003687032347,N/A,41.09733913758737,0.9777290377969153
5,4.147500450160768,0.050295822164501125,178.29469688269415,1.9049844951898234
6,4.512500502322171,0.059290080306516835,29.60041235085987,0.5943852565398557
7,4.632500519471126,0.05550423682070171,15.280060138569695,0.8327532921926306
8,5.072500582350624,0.07290519182874,322.78905158570063,25.14254612589279
