peakNumber,peakLocation,FWHM,intensity,% Error
0,1.9975001429086694,0.24710244200806186,39.01187807049308,2.05933534618292
1,2.8975002715258267,0.343137658477044,90.46594419396979,4.208083765400298
2,3.5175003601287576,0.457064360132275,35.01872049138535,2.0821074959921146
3,4.10750044444445,N/A,12.860547527932681,2.276668135355517
4,5.052500579492466,0.25556996010043953,79.44577286608325,17.63676563398244
