peakNumber,peakLocation,FWHM,intensity,% Error
0,1.8375001200433967,0.08138650180790918,31.038475913845673,6.694202688712131
1,1.9975001429086694,0.24603461880643418,39.09393825152563,4.408289738046174
2,2.367500195784612,N/A,12.35571651737223,1.2934419236180868e-08
3,2.6025002293679806,N/A,36.110743926168254,1.6761793220717545
4,2.9125002736694463,0.07933656229420505,170.73565183932845,5.4483991727752
5,3.317500331547167,N/A,29.635156380260923,0.6752566978133777
6,3.512500359414218,0.27877409696227007,45.04669895920989,1.8775919050577672
7,4.127500447302609,0.11968323050336505,25.145772604253125,2.967557850221088
8,5.067500581636085,0.20579440120780657,89.82523621575854,18.307307989562105
