peakNumber,peakLocation,FWHM,intensity,% Error
0,1.7925001136125387,0.029463757270437707,121.14356785464145,2.2754762919603313
1,2.067500152912226,0.12987829751557767,58.4440310851885,4.2401675980595925
2,2.9275002758130655,0.03301819358689739,1352.9914763732593,8.975055020117534
3,3.4375003486961213,0.051659865068077515,95.69411121410997,1.6648509413943997
4,3.5825003694177746,N/A,43.04779497491734,0.5801315862019487
5,4.152500450875308,0.044671713972012306,198.57384073676815,2.1933967241447885
6,4.512500502322171,0.05722389679854789,29.428979296677937,1.043636247561154
7,4.642500520900205,0.057799883626349136,15.46000672748852,0.8947753989663864
8,5.077500583065164,0.0682029209128423,331.70609000450855,24.66447163625608
