peakNumber,peakLocation,FWHM,intensity,% Error
0,1.9975001429086694,0.2433926276134657,39.01143208190001,2.5134536065447572
1,2.8975002715258267,0.34080332134319624,90.46688309167286,8.402106043595186
2,3.5175003601287576,0.4360376457107322,35.01965851223781,2.08895166131082
3,4.10750044444445,N/A,12.860616211708248,2.2766926692604805
4,5.052500579492466,0.25556851928824464,79.44531801814418,17.63620266884938
