peakNumber,peakLocation,FWHM,intensity,% Error
0,1.7925001136125387,0.047573309765101435,68.62604667554763,8.339378105027716
1,2.057500151483146,0.11794580477359884,61.02968736367325,4.084985424546357
2,2.922500275098525,0.04597358909830618,875.5522258752466,4.555227818454949
3,3.432500347981582,0.09026366463078261,72.77065811782904,6.082607070538367
4,4.137500448731688,0.058090024461550094,141.20430419283008,3.8494751357674675
5,4.512500502322171,0.06758019556147499,26.031951854014437,0.7143627656762335
6,4.622500518042045,0.0619890517932884,15.743401522128806,2.1716078996966894
7,5.067500581636085,0.09579334367985926,254.92914088209773,27.222072290248672
