peakNumber,peakLocation,FWHM,intensity,% Error
0,1.7925001136125387,0.03157936995053445,122.8872340455016,3.9259994574744432
1,2.067500152912226,0.10404564006993411,61.43524348224986,5.602512330927346
2,2.922500275098525,0.0357670414661766,1257.4042108535427,8.270419561245992
3,3.432500347981582,0.052987873814345665,95.53590070953095,1.4083449849635565
4,3.5775003687032347,N/A,41.100688450674625,1.0583211741856515
5,4.147500450160768,0.04979871495952182,178.2967174296536,1.4097883925798498
6,4.512500502322171,0.05857037051072833,29.60101722263198,1.9886522010949326
7,4.632500519471126,0.05574924651784752,15.280255352537154,1.2646931506581256
8,5.072500582350624,0.07313190179690299,322.78864705829034,25.658108213922677
