peakNumber,peakLocation,FWHM,intensity,% Error
0,1.7925001136125387,0.043517682448241946,65.58966637867775,1.588271738745171
1,2.062500152197686,0.12395736167835492,59.140235276366866,6.294493160886071
2,2.922500275098525,0.04291200530151462,968.2395474408604,7.397901272150125
3,3.432500347981582,0.07530194543805369,68.62771800428635,1.4073765530590256
4,3.567500367274155,N/A,37.10782650911801,1.1517389317526463
5,4.142500449446228,0.0552048011768802,148.66246288134028,2.780326823299713
6,4.507500501607631,0.06738736858573713,23.18209590587793,1.7700402549329544
7,4.627500518756585,N/A,13.094297125019521,1.2353943495688824
8,5.067500581636085,0.08707541264316898,265.6482435578474,28.412795920154142
