peakNumber,peakLocation,FWHM,intensity,% Error
0,1.7975001143270786,0.029666906660254178,136.51636299384768,2.241215553277473
1,2.077500154341305,0.1377069437520826,58.7351675658428,4.283633645768045
2,2.932500276527605,0.03740734641034349,1191.9033566126366,8.657744559730528
3,3.447500350125201,0.05152177448981954,105.41006510363485,1.6151237625512003
4,3.587500370132314,N/A,47.80270280296486,0.8372433517287553
5,4.162500452304387,0.04539078832302579,192.5735313856743,2.067346917619192
6,4.5225005037512505,0.06368178755169929,32.40735400973642,1.5310205056635406
7,4.647500521614745,0.05725811705971573,15.830956124516264,2.102054495669815
8,5.092500585208783,0.07581377803607836,310.01877272319723,25.671629918595368
