peakNumber,peakLocation,FWHM,intensity,% Error
0,1.7925001136125387,0.023425591889674413,237.4731688079574,5.465010767042823
1,2.077500154341305,0.10999642561380507,59.84459519153387,5.2324574863070215
2,2.932500276527605,0.033351919321422674,1341.9547248379838,9.612425291234837
3,3.442500349410661,0.05177835591045277,122.78907336476908,2.661397706934087
4,3.597500371561394,N/A,48.503125676157026,0.9651734396928034
5,4.162500452304387,0.055282166733984894,196.44448786836818,7.960212573003419
6,4.5225005037512505,0.05634292696298626,38.4397707071692,0.8959734592728076
7,4.642500520900205,0.06525680899002761,16.731472638187427,1.2747388173744412
8,5.092500585208783,0.07284699327165,353.74416395236557,33.174639647523854
