peakNumber,peakLocation,FWHM,intensity,% Error
0,1.9225001321905726,N/A,34.883758532664345,1.3412163029690598
1,1.9975001429086694,N/A,30.922236801795506,2.183733435512061
2,2.267500181493816,0.02772129861118211,33.274958599880264,14.051352362660523
3,2.7475002500896335,N/A,111.18491002890464,13.838766256331276
4,2.892500270811287,N/A,86.84885866148416,0.823309833410831
5,3.512500359414218,0.48839079938502783,46.20210828236182,2.4461707141506155
6,4.147500450160768,N/A,21.521333696784893,1.5673895831188822
7,5.062500580921545,0.2405788935697455,80.07051727657753,15.22937246748601
