peakNumber,peakLocation,FWHM,intensity,% Error
0,1.7925001136125387,0.06238160232276435,43.056449163620414,2.2307051475421233
1,2.0525001507686063,0.13012878622930613,57.81139615816255,4.325596859505252
2,2.6125002307970604,0.04047465862658495,15.915435464384018,0.840954480833452
3,2.9175002743839857,0.051080421640417484,720.9123765873267,4.735086352152891
4,3.432500347981582,0.1686696135351391,56.60849623097903,4.981308864029762
5,4.127500447302609,0.06977560027315821,110.53214067921624,6.394390006743474
6,4.502500500893092,0.07367413951777202,19.022698308911345,0.9951270404205129
7,4.602500515183887,N/A,11.799432709943062,1.621830685218818
8,5.057500580207005,0.11319896225597148,210.7024517353205,27.909303142121395
