peakNumber,peakLocation,FWHM,intensity,% Error
0,2.0075001443377487,0.2416578532018876,40.891591575480845,2.1114852158961095
1,2.8525002650949687,0.35743921546261337,84.73685437020714,2.0926231876005628
2,3.512500359414218,0.43865047007226465,34.91071160584636,1.7139578365034813
3,5.0475005787779255,0.2611297797413732,79.36104557266754,21.530221985102763
