peakNumber,peakLocation,FWHM,intensity,% Error
0,1.7925001136125387,0.027834753875390472,158.11607070367984,2.0400310185646244
1,2.0725001536267658,0.10832181564322152,61.27405926134702,5.694211268904327
2,2.932500276527605,0.03341110509075884,1407.1847815241608,4.040313411374273
3,3.442500349410661,0.04735528481918028,118.12204919617278,5.297703730313767
4,3.5825003694177746,N/A,46.10249118327573,0.8966140637629294
5,4.157500451589848,0.044244583997748776,219.8218272910857,3.2188243576915228
6,4.5225005037512505,0.06031506794915931,33.49070841834134,2.004529079798822
7,4.647500521614745,0.05517881253472812,16.158702681514626,2.026247153410639
8,5.0875005844942445,0.07023124011163251,359.1341189674787,30.608106373648518
