peakNumber,peakLocation,FWHM,intensity,% Error
0,1.7975001143270786,0.0736869221750418,51.89900797454993,0.9126923720935513
1,2.0525001507686063,0.12715063133832416,59.73758100454222,2.4096367420046723
2,2.9175002743839857,0.053233108009734575,677.5152541991499,5.962734562248493
3,3.4375003486961213,0.1843288068224882,60.590312575652604,5.813786263260748
4,4.122500446588069,0.06925970543696902,105.71066675069773,6.3974874200678835
5,4.512500502322171,0.07882148465401073,21.780929763770587,0.508359144355281
6,4.617500517327506,N/A,14.900817854633717,1.1352904311471472
7,5.057500580207005,0.11987072092883544,206.41346940227743,31.055504422219393
