peakNumber,peakLocation,FWHM,intensity,% Error
0,1.7925001136125387,0.02050411887481185,327.16246992443814,6.271990289151081
1,2.0725001536267658,0.09880174056988444,63.07607991359134,6.68796445239762
2,2.9275002758130655,0.029836704346963394,1582.5687217339919,4.74324258656785
3,3.4375003486961213,0.04713985678144095,134.26459265346125,4.4182641284162685
4,3.587500370132314,N/A,49.41746917389963,0.8877367551687912
5,4.152500450875308,0.05612096429437319,195.05219824574783,4.900709931980707
6,4.5225005037512505,0.04757923460482694,45.42649234543808,0.349400903080483
7,4.6375005201856645,0.06508346211065952,17.724187807750013,3.2364022191147592
8,5.082500583779704,0.06464499241745436,398.0250060852904,48.55201296391576
