peakNumber,peakLocation,FWHM,intensity,% Error
0,1.7925001136125387,0.03612611156184231,68.0470129133102,0.5948970664409472
1,2.067500152912226,0.19403564902989112,47.80241786041421,3.331366438227913
2,2.932500276527605,0.0363243637784878,1042.4007499410232,2.7409688298475117
3,3.4375003486961213,0.07196474585052659,68.34392720385767,1.4214431454350116
4,3.572500367988695,N/A,40.61864278854574,0.6644896583321506
5,4.152500450875308,0.04740960380656656,163.56381607381468,1.8922921284722158
6,4.512500502322171,0.06359754487430447,21.847878770245302,1.1363638170545451
7,4.6375005201856645,N/A,12.579810186546695,0.7923409381073594
8,5.082500583779704,0.07549841332292573,263.06447645419735,25.501069532768422
