peakNumber,peakLocation,FWHM,intensity,% Error
0,1.7925001136125387,0.02702994707358597,179.84172230233878,2.33139241761306
1,2.0725001536267658,0.09459390704592296,69.33395276112469,7.768750143659507
2,2.9275002758130655,0.031788192490633804,1472.7185143709744,9.107399456530313
3,3.4375003486961213,0.04542903242688068,123.54704956762578,4.500928784947527
4,3.587500370132314,N/A,44.43882838113973,0.6550689047822762
5,4.152500450875308,0.04205171788507123,224.23163421904638,4.599062584018259
6,4.517500503036711,0.05617990252329452,38.06928323722218,3.529749797665349
7,4.6375005201856645,0.06243931098240907,17.37020154798182,1.6391993799593403
8,5.082500583779704,0.06797047604956852,369.62327144451154,31.159366471885637
