peakNumber,peakLocation,FWHM,intensity,% Error
0,1.7975001143270786,0.05414793293426112,39.75155712795771,0.6013345378566416
1,2.057500151483146,0.17217104893240864,52.054951936635234,3.6475993561501765
2,2.6175002315116,N/A,14.016412989507046,0.8783782256987196
3,2.717500245802395,0.056987247928830254,14.164559453928177,2.5776170742162203
4,2.922500275098525,0.046800520856596695,739.4158817711033,4.040542552881743
5,3.4375003486961213,0.26309388697157843,48.726396800248494,15.251077245992503
6,4.142500449446228,0.05957416823445438,116.95103077816873,2.1704134203597825
7,4.507500501607631,0.07813158777316698,16.64687203483834,4.150914752834441
8,5.072500582350624,0.10072206662848515,205.9383969296951,26.186224031846205
