peakNumber,peakLocation,FWHM,intensity,% Error
0,1.7925001136125387,0.03777609186572284,66.72632036774382,2.4085965366740703
1,2.062500152197686,0.1210841337299069,47.63990963986021,5.2860021851037295
2,2.922500275098525,0.03921386112676295,1009.1319701253167,5.268738895417479
3,3.432500347981582,0.06904467807635672,62.590561345894116,1.4531598158255463
4,3.5775003687032347,N/A,32.66423452350398,1.2327310652466081
5,4.147500450160768,0.05275753153274643,152.27289765316038,2.199962599940312
6,4.507500501607631,0.06648730876939002,22.026985187098376,1.3522701060904803
7,4.627500518756585,N/A,11.981677382195357,1.5220085197690814
8,5.072500582350624,0.07700146692404175,252.97653360952307,23.012154892612575
