peakNumber,peakLocation,FWHM,intensity,% Error
0,1.9975001429086694,0.23251741059019215,39.01195563241083,1.9845366048917128
1,2.8975002715258267,0.3505726194649985,90.46583384406159,4.189960648764409
2,3.5175003601287576,N/A,35.018591615495666,2.435898896104117
3,5.052500579492466,0.2570243776083174,79.4458392101468,19.386336968106686
