peakNumber,peakLocation,FWHM,intensity,% Error
0,1.9225001321905726,0.07497703614284479,54.75310002378342,2.9262313935615176
1,2.267500181493816,0.025655694878531587,82.30465265249336,20.38662865567712
2,2.7475002500896335,0.06700500026609646,146.9315320960626,9.83567147197929
3,2.887500270096747,N/A,75.206556709104,1.0488599484934504
4,3.512500359414218,0.24046096957982455,41.00849362721044,2.1186191351274966
5,3.742500392283047,N/A,35.510525819889324,3.2897255991639307
6,4.147500450160768,0.06839176980005313,24.940195793911386,3.0854877670034226
7,4.692500528045603,N/A,19.558918296247924,4.581024192762677
8,5.062500580921545,0.24350680929991242,77.74224317850945,32.2726348320909
