peakNumber,peakLocation,FWHM,intensity,% Error
0,1.7925001136125387,0.05698533542183859,139.70912869093996,16.302930493313745
1,2.067500152912226,0.11827742053703183,61.89680406547501,2.6019014799367026
2,2.922500275098525,0.042709257883553065,972.7987530448565,9.516803199872813
3,3.432500347981582,0.11250208374368098,108.19488720598707,5.685740632368324
4,4.147500450160768,0.06115248940806861,155.46023000622353,8.610334897029617
5,4.517500503036711,0.0644724065696467,34.26246399591997,1.8240443331915657
6,4.622500518042045,0.04031551368923214,24.456203974371363,0.1391104459133562
7,5.072500582350624,0.08876254881745105,282.04830350930166,35.083641357509585
