peakNumber,peakLocation,FWHM,intensity,% Error
0,1.9875001414795894,0.20706615290843366,32.514117774107575,4.697804276844984
1,2.267500181493816,0.038926083344066775,17.588770044740414,5.516977599325465
2,2.7475002500896335,0.34090957107700826,86.79629214461764,4.019607836378239
3,3.512500359414218,0.4264296304653814,36.913068873110404,1.845077011349409
4,4.142500449446228,N/A,15.188682359390866,2.636033190510012
5,5.057500580207005,0.25743651107488663,78.49031687190632,18.5544514523753
