peakNumber,peakLocation,FWHM,intensity,% Error
0,1.7925001136125387,0.062382229811199785,43.05704390711685,2.2306792672500015
1,2.0525001507686063,0.11520370440592509,57.81249522399082,3.143702811768407
2,2.6125002307970604,N/A,15.915643839204677,1.1311945932062184
3,2.9175002743839857,0.05102594818202011,720.9120720136232,5.673335680663824
4,3.432500347981582,0.153415040689318,56.607982791850134,4.399174241691567
5,4.127500447302609,0.06848062941915156,110.53241828701277,6.810715418038252
6,4.502500500893092,0.07954344049459028,19.023429984696918,2.2003084060610254
7,5.057500580207005,0.11319921958374035,210.702968243283,27.909369752822155
