peakNumber,peakLocation,FWHM,intensity,% Error
0,1.7925001136125387,0.020499216171163903,327.16259422342625,6.653245782241676
1,2.0725001536267658,0.07832931714359814,63.07640745974925,4.595037239225752
2,2.9275002758130655,0.029861751969126882,1582.568544809498,7.058251062890405
3,3.4375003486961213,0.04653192083089941,134.26435046167728,3.9522362296477405
4,3.587500370132314,N/A,49.417265982140805,0.9258783050295016
5,4.152500450875308,0.05538432315588082,195.05227621583504,9.67411067614737
6,4.5225005037512505,0.04982964370218923,45.4267419116502,4.291834835390245
7,4.6375005201856645,0.05993352827801157,17.724465147480828,2.1611828924813006
8,5.082500583779704,0.06399249427495324,398.0251713741989,48.74636684020861
