peakNumber,peakLocation,FWHM,intensity,% Error
0,1.7975001143270786,0.05969059716037761,38.98945939601805,7.759437310088477
1,2.057500151483146,0.13821653453135907,51.87485642347531,3.16655474171582
2,2.6175002315116,N/A,13.07623674541395,1.889652869734022
3,2.922500275098525,0.0496939151272171,717.1676224579207,4.460905286807824
4,3.432500347981582,0.2075682490525379,49.94012966914789,5.895158217846491
5,4.137500448731688,0.06428142274911863,111.4480321696634,1.8993620209491444
6,4.502500500893092,0.09414245722466408,17.308370179797805,3.3379219811242034
7,5.062500580921545,0.10600901852718803,201.56305495434412,26.942314056094503
