peakNumber,peakLocation,FWHM,intensity,% Error
0,1.7925001136125387,0.028669584058654385,206.72931634601082,3.5434324386153495
1,2.077500154341305,0.11700995580752283,72.58210756994185,2.9732975029815707
2,2.932500276527605,0.03406194452802058,1512.5099551289338,12.046227771583325
3,3.442500349410661,0.057311355676223474,121.53055274311748,4.804045659500996
4,4.157500451589848,0.06363533450928838,157.26692919562782,2.0905233738688085
5,4.52750050446579,0.05595120451236646,41.815064103660745,3.3068693882063487
6,4.642500520900205,0.06074006654622455,25.53347358622858,2.937484087345655
7,5.0875005844942445,0.07086872130503785,353.89788546348416,40.98949985487958
