peakNumber,peakLocation,FWHM,intensity,% Error
0,2.0075001443377487,0.24177625020389648,40.89624574523441,2.205123681481565
1,2.8525002650949687,0.3576471451388459,84.72829217628743,1.7971135148344943
2,3.512500359414218,0.5177193016089214,34.900847007005495,2.4996922063730898
3,5.0475005787779255,0.25953272834158536,79.36521116058094,17.921043334024667
