peak,curve,x0,y0,I,alpha,gamma,FWHM
0,0,2.006941229990674,2.8202842908221277,14.1625187767561,7.199104345724104e-11,0.12637872884686843,0.2527574576826783
0,1,1.7935765141682052,1.7657681476942544,0.4685161126713017,0.10833244543010653,0.056173646117360414,0.3189982168430259
1,0,2.840743716725459,0.0002270001399224328,28.96705370497184,0.17440750350889295,0.0054490637148233165,0.4161829556003911
1,1,3.1794901848165362,9.13512465449184,1.5485299200257054,0.07283784566348993,9.510516687401325e-15,0.1715200190052662
2,0,3.5326121877653387,3.452496065372911,13.531571538924624,0.1501949056755306,0.11492104498940485,0.49090454904151176
2,1,3.135750307156137,7.196413876924448,3.2922762320038803,1.0829369132305791e-07,0.07402661603729042,0.14805321544035238
3,0,5.069997087275639,9.744023342665477,10.125585623236896,0.08212730887116154,1.0986734481016293e-34,0.1933950331742593
3,1,4.925907610700122,0.07569115792452455,11.510722568281407,4.192223723127879e-06,0.13062104244330097,0.26124144155248363
