peakNumber,peakLocation,FWHM,intensity,% Error
0,1.7925001136125387,0.031032143567139903,122.88749251174659,4.228526926461366
1,2.067500152912226,0.09716882646725611,61.43624746385893,4.751668154891973
2,2.922500275098525,0.03564551444780939,1257.403645176596,8.408609490776312
3,3.432500347981582,0.054167345945856926,95.53483579181642,1.4389707625593964
4,3.5775003687032347,N/A,41.09964128732122,0.881834903548142
5,4.147500450160768,0.0499213736323556,178.29623600814085,2.0189509178417446
6,4.512500502322171,0.05651817858021957,29.601034573123684,1.6275276362229172
7,4.632500519471126,0.09844197982548497,15.280402488428479,1.0286787658112255
8,5.072500582350624,0.07316127964443009,322.7888774595256,25.360438840700102
