peakNumber,peakLocation,FWHM,intensity,% Error
0,1.7925001136125387,0.029029959906692326,109.49899043545241,1.8508709887696282
1,2.0725001536267658,0.13920396722738748,48.00249042174306,4.477855746652099
2,2.932500276527605,0.03422343313117793,1221.5664172434242,13.490360003742282
3,3.442500349410661,0.04837039452740344,86.00300219432785,1.2656559251547597
4,3.5825003694177746,N/A,38.415178308249835,0.892355218755574
5,4.162500452304387,0.044079411966650994,182.06261388376606,1.9320183711063124
6,4.517500503036711,0.05950423260915372,26.550046907759963,2.2368494375836585
7,4.6375005201856645,N/A,11.916366638356862,1.4119366155905628
8,5.0875005844942445,0.0699330308757995,292.6506443959177,24.03871734401681
