peakNumber,peakLocation,FWHM,intensity,% Error
0,1.7925001136125387,0.027548091178492218,158.11612904232334,1.7324693031210523
1,2.0725001536267658,0.10155560837811883,61.274874668671714,4.537806751245493
2,2.932500276527605,0.03333545488370637,1407.1844942050045,16.59366547797346
3,3.442500349410661,0.04509421887464393,118.12122344622645,3.777628297498968
4,3.5825003694177746,N/A,46.10162224374375,0.6957708864250708
5,4.157500451589848,0.04403436236942504,219.8211854413105,5.259664406123134
6,4.5225005037512505,0.060319947853399114,33.49039618659583,1.774055080563142
7,4.647500521614745,N/A,16.158501087511127,1.9599426821712567
8,5.0875005844942445,0.07014123482815027,359.13414669638917,30.89018253759234
