peakNumber,peakLocation,FWHM,intensity,% Error
0,1.9225001321905726,N/A,34.88335509901688,1.3407498959903386
1,1.9975001429086694,N/A,30.92140580666637,4.3116416117765715
2,2.267500181493816,0.02811568899472272,33.27435446976031,13.347380526027292
3,2.7475002500896335,N/A,111.18714528847815,17.661734377660718
4,2.892500270811287,N/A,86.85188330955788,0.8897608614305594
5,3.512500359414218,0.4411421563475213,46.206406748946875,1.9829254978802953
6,4.147500450160768,N/A,21.52374529377346,2.8520598820099705
7,5.062500580921545,0.24557388602669672,80.07099567279602,17.551256696802074
