peakNumber,peakLocation,FWHM,intensity,% Error
0,1.7925001136125387,0.043759335323688475,65.59133089165425,2.8917731337228725
1,2.062500152197686,0.1114600919521036,59.145656300789824,4.400783197247678
2,2.922500275098525,0.042832855334848485,968.2350785054623,7.452325285023181
3,3.432500347981582,0.0764474915019715,68.62022696505102,2.242828698889706
4,3.567500367274155,N/A,37.100416212715686,1.504369080454397
5,4.142500449446228,0.0549992527709664,148.65845112682075,1.7163990397367184
6,4.507500501607631,0.06460505226316826,23.18121884144051,1.794924681970473
7,4.627500518756585,N/A,13.094287274167698,1.0122430508010134
8,5.067500581636085,0.08749415066722932,265.64930711541376,27.02571454449682
