peakNumber,peakLocation,FWHM,intensity,% Error
0,1.7925001136125387,0.02663083824603163,179.84181980540473,4.602681026926759
1,2.0725001536267658,0.054381871708299556,69.3360893959989,6.362634404823396
2,2.9275002758130655,0.031896579978680784,1472.7175170625515,5.020995659220344
3,3.4375003486961213,0.045427354490994,123.54476399067016,1.5236196170317025
4,3.587500370132314,N/A,44.436504601290494,0.8069989115061642
5,4.152500450875308,0.04189344691282937,224.2302570534559,9.365961093378429
6,4.517500503036711,0.05558847694721436,38.06891280537661,2.976338445342497
7,4.6375005201856645,0.06139681374392847,17.370119237503616,0.975702823267579
8,5.082500583779704,0.0679682249363589,369.62357259137326,31.444015835427326
