peakNumber,peakLocation,FWHM,intensity,% Error
0,1.8175001171852376,0.06922535750306213,87.1435758069041,8.173672020950363
1,2.062500152197686,0.15814026316487717,55.864037327304686,2.990744705121921
2,2.922500275098525,0.050930865058920194,739.4301566679886,6.7283599621677475
3,3.4375003486961213,0.1620974357372904,78.83129256117132,4.685516967052398
4,4.132500448017149,0.06719484711022705,118.19758093551377,4.813213537307681
5,4.517500503036711,0.07150309179420766,25.972090404068013,1.5448226371020632
6,4.607500515898426,N/A,19.604462597015583,0.6983363335098567
7,5.062500580921545,0.10354748498151434,222.51462407130873,37.12568547291371
