peakNumber,peakLocation,FWHM,intensity,% Error
0,1.7925001136125387,0.02637044420326773,199.17140519690412,6.067469915432929
1,2.0725001536267658,0.054899431537638765,68.88277204835856,3.9023039284584233
2,2.9275002758130655,0.03238974411898177,1411.2162505431675,6.722969983451494
3,3.4375003486961213,0.047194100510942416,130.45920482144976,3.250189102326743
4,3.5825003694177746,N/A,49.337533050446154,0.9584524886323973
5,4.157500451589848,0.04214315257863177,223.342691251548,2.7272269779588365
6,4.517500503036711,0.05182897976506151,38.806446744024186,4.7686095493447525
7,4.642500520900205,0.06054880626951942,17.72041732140059,2.6752400448134077
8,5.082500583779704,0.07439477844701248,352.40339727555875,32.32005325088096
