peakNumber,peakLocation,FWHM,intensity,% Error
0,1.7975001143270786,0.07226833638019459,51.899221954584334,3.8836253396771143
1,2.0525001507686063,0.12272566146328745,59.73765555819301,1.9567574671145331
2,2.9175002743839857,0.053553845762492,677.5153012341864,5.810730526710777
3,3.4375003486961213,0.1782256396311479,60.59054144859124,5.203937786895558
4,4.122500446588069,0.07373524110392626,105.7111151123778,9.657661378344242
5,4.512500502322171,0.07521130058143477,21.781386944448343,1.4974098861026721
6,5.057500580207005,0.11987082386112569,206.41366294774747,31.055607862697464
