peakNumber,peakLocation,FWHM,intensity,% Error
0,1.7925001136125387,0.02946390594969417,121.14319271403883,2.275466267696622
1,2.067500152912226,0.12779325082917348,58.446131682147666,4.641907830919292
2,2.9275002758130655,0.032918417776516495,1352.9904993220894,5.208023526685145
3,3.4375003486961213,0.047228233039541934,95.69174340662858,1.3677492140927676
4,3.5825003694177746,N/A,43.04537607725206,1.8572731424229456
5,4.152500450875308,0.044719581161286825,198.57239964454777,3.0772613814894556
6,4.512500502322171,0.0566898312561106,29.4285849648723,0.4900148174950122
7,4.642500520900205,N/A,15.459941819995322,2.210773320694045
8,5.077500583065164,0.06823413059663608,331.70641920309896,24.62032729856234
