peakNumber,peakLocation,FWHM,intensity,% Error
0,1.7925001136125387,0.04757358115073318,68.62634854040834,1.7680589087084013
1,2.057500151483146,0.09882325655940827,61.030786732718866,3.7229208841892665
2,2.922500275098525,0.046051883721438536,875.5519620237424,6.773248247987233
3,3.432500347981582,0.08664953977840106,72.76991922030618,4.721698761959232
4,4.137500448731688,0.05805726072875039,141.20404603596143,4.897334618769697
5,4.512500502322171,0.0716517784702706,26.03212463679165,2.1678325383143644
6,4.622500518042045,N/A,15.74366895194737,1.3451362548560288
7,5.067500581636085,0.0961917130212031,254.92940741830967,27.316889404898582
