peakNumber,peakLocation,FWHM,intensity,% Error
0,1.7975001143270786,0.030677830663564665,99.14611323574746,0.7778048348974967
1,2.077500154341305,0.16550507531393666,50.993643913058634,3.0877943095123763
2,2.562500223651663,N/A,19.75029600028023,2.3066373087173155
3,2.937500277242145,0.03868870462018359,1013.7563924814797,10.62379204537009
4,3.447500350125201,0.05811203775795004,83.08667364700796,2.112902175136537
5,4.167500453018927,0.04856354963314402,157.5621456425152,1.251774427221792
6,4.5225005037512505,0.06421791613661298,25.978646278973315,3.075943174778527
7,5.092500585208783,0.08016860530297976,258.29405622233116,29.2777251737159
