peakNumber,peakLocation,FWHM,intensity,% Error
0,1.7925001136125387,0.03617413683929871,68.04699030580429,0.6646236365467761
1,2.067500152912226,0.1769199153146408,47.802924602507744,3.4933982670146273
2,2.932500276527605,0.03628770053410113,1042.4004133161793,6.606540956932154
3,3.4375003486961213,0.09081889857474401,68.34313039342499,4.869027583173803
4,4.152500450875308,0.046440432456719805,163.56306534343707,1.5215039422540342
5,4.512500502322171,0.06586676446689754,21.847376314885537,1.3259635058532306
6,4.6375005201856645,N/A,12.57940785689874,1.0373248538888231
7,5.082500583779704,0.07603490194355889,263.06439922820334,25.394653152023306
