peakNumber,peakLocation,FWHM,intensity,% Error
0,1.7925001136125387,0.03782969864326513,66.72683374865142,3.255234258854558
1,2.062500152197686,0.10365229977242407,47.641702691599335,4.652575487902622
2,2.922500275098525,0.03912885779451303,1009.1309466028829,8.309172567529732
3,3.432500347981582,0.07211239537928282,62.58867451597666,4.050333049762291
4,4.147500450160768,0.05227901662639223,152.27208582537855,1.7317105466403075
5,4.507500501607631,0.06711092159528054,22.027055229103325,2.106149107938251
6,4.627500518756585,N/A,11.981978728759714,1.4106277132218288
7,5.072500582350624,0.07694970098829135,252.9769646183758,23.375063855957798
