peakNumber,peakLocation,FWHM,intensity,% Error
0,1.7975001143270786,0.05414963439281162,39.752198903629505,0.6013269321711274
1,2.057500151483146,0.1721756875943894,52.05712252894688,3.6473830819649673
2,2.6175002315116,0.04523512329276702,14.016552819508888,1.627986459276555
3,2.922500275098525,0.046805178316621454,739.4145635429259,5.6332726904708945
4,3.4375003486961213,0.24747805007408363,48.72395749509718,5.6105725825700725
5,4.142500449446228,0.06118640572736389,116.94984005943144,2.776580329579554
6,4.507500501607631,0.06584474470925716,16.64678945427096,1.0599040956870829
7,5.072500582350624,0.1015291353837009,205.9388641186382,26.109979048778833
