peakNumber,peakLocation,FWHM,intensity,% Error
0,1.7975001143270786,0.029582897057979674,136.51650696830217,2.184848180850405
1,2.077500154341305,0.13022765426863936,58.735000032256266,4.661557565001937
2,2.932500276527605,0.03732878719847088,1191.9033976888243,15.100576971217558
3,3.447500350125201,0.05055048701792764,105.41033312623472,1.3597757787469216
4,3.587500370132314,N/A,47.80301120752512,0.7086413823504624
5,4.162500452304387,0.046362570949356474,192.57388296165692,2.1153266843771057
6,4.5225005037512505,0.062179473062971446,32.40763751626838,1.6795335270365914
7,4.647500521614745,N/A,15.831201911111178,1.0559265196334024
8,5.092500585208783,0.07522916939195667,310.018842996119,25.445984680837046
