peakNumber,peakLocation,FWHM,intensity,% Error
0,1.8375001200433967,0.08295860916431486,31.039516698595946,3.8808388759359254
1,1.9975001429086694,N/A,39.09588131514823,4.653671339650844
2,2.9125002736694463,0.11005750751120003,170.7339039566457,11.205868785671107
3,3.512500359414218,0.24949395367609606,45.0440921284644,2.209944567990427
4,4.127500447302609,0.141265452565853,25.14486487210712,4.80412018583769
5,5.067500581636085,0.2020303784579438,89.82598730208758,18.67566868833381
