peakNumber,peakLocation,FWHM,intensity,% Error
0,1.7925001136125387,0.02373711273028012,237.47300052820407,6.399809905961648
1,2.077500154341305,0.09302691570967836,59.84291310547013,3.979523073255635
2,2.932500276527605,0.033327729578090715,1341.9556331044212,8.551757125132376
3,3.442500349410661,0.05060032804542214,122.79095464303049,1.7048215278155907
4,3.597500371561394,N/A,48.50501702868843,2.436463039832594
5,4.162500452304387,0.054649977293849794,196.44555536859883,8.049157754346123
6,4.5225005037512505,0.05690101834291461,38.440029306229405,4.916295579011264
7,4.642500520900205,N/A,16.731501111217824,2.875412919763269
8,5.092500585208783,0.07269691800020617,353.7439175343749,33.55169430075136
