peakNumber,peakLocation,FWHM,intensity,% Error
0,1.7925001136125387,0.034082952947482426,133.14451104832693,3.083397094615589
1,2.067500152912226,0.10242058597594372,59.14181128471557,3.453846219532253
2,2.922500275098525,0.039209267868080655,1084.3464672992102,11.568227316922123
3,3.432500347981582,0.06308183025436342,94.90676464186146,4.078186650498553
4,4.142500449446228,0.05349207437253689,157.0900296280675,3.058430142533228
5,4.512500502322171,0.05623570744180384,30.1510295876559,2.3614799071481163
6,4.627500518756585,N/A,16.56211893316066,3.593785452599475
7,5.067500581636085,0.08037949540172917,290.929556935931,27.76313120593174
