peakNumber,peakLocation,FWHM,intensity,% Error
0,1.7925001136125387,0.02935071329760941,121.14352909089223,3.3573584132918897
1,2.067500152912226,0.11087121088438812,58.44664823360881,4.579696953486619
2,2.9275002758130655,0.0329580695063072,1352.9899899308173,7.5179732781895074
3,3.4375003486961213,0.04722824879536747,95.69111696907635,1.3677819387459025
4,3.5825003694177746,N/A,43.04481669941299,0.5699548746528618
5,4.152500450875308,0.04478401872117921,198.57235356759338,2.550381391462241
6,4.512500502322171,0.05668974864646792,29.428863159509945,0.48998584106783405
7,4.642500520900205,N/A,15.460291948776387,2.21069818544819
8,5.077500583065164,0.06823417653591779,331.70666467635937,24.6204298186788
