peakNumber,peakLocation,FWHM,intensity,% Error
0,1.7925001136125387,0.02802801163049673,145.61866387860567,1.6618621611569802
1,2.077500154341305,0.1064455247934506,57.46777224511186,3.367496726429736
2,2.932500276527605,0.034309326061336964,1159.766936113823,12.700052671052337
3,3.2275003186854514,0.07845455671147317,48.33276974894068,0.4675453465975676
4,3.442500349410661,0.047749774357953356,103.24951248339653,2.2747035145779555
5,3.5775003687032347,N/A,47.13572021452404,1.0586059550712703
6,4.162500452304387,0.04981226082269696,163.94894831189077,1.9450423831899326
7,4.5225005037512505,0.057050651088748516,30.052407764813495,6.20429660485274
8,5.0875005844942445,0.07604034740060861,295.6855662740302,24.972480862999497
