peakNumber,peakLocation,FWHM,intensity,% Error
0,1.7925001136125387,0.03720647730923665,66.72684900708896,3.916362156945648
1,2.062500152197686,0.11190340728487214,47.640998332684035,4.038358921498683
2,2.922500275098525,0.03907939318849252,1009.1311534597924,9.09815767861219
3,3.432500347981582,0.07153021934471182,62.58934245849696,3.980744388459402
4,4.147500450160768,0.052458813238966506,152.27256391122899,2.4008205549708626
5,4.507500501607631,0.0628229869157293,22.027245058032804,1.0669843846588538
6,5.072500582350624,0.07735982323507518,252.97690096877835,24.924326461429054
