peakNumber,peakLocation,FWHM,intensity,% Error
0,1.7925001136125387,0.03617436589215983,68.04757499810853,0.664582719811943
1,2.067500152912226,0.1769228354838419,47.80465961664606,3.4931828023438327
2,2.932500276527605,0.03641520868950776,1042.3996302556052,6.187743254624347
3,3.4375003486961213,0.07343065025689821,68.34162765252626,2.587587076502147
4,4.152500450875308,0.04601305043782311,163.56254060174814,1.4469065088560167
5,4.512500502322171,0.06596778805617376,21.847610783209404,3.4420959410641077
6,5.082500583779704,0.07587714271793367,263.064822136326,26.023242503464207
