peakNumber,peakLocation,FWHM,intensity,% Error
0,1.7975001143270786,0.030677244379869295,99.14405991568111,0.7778471290539454
1,2.077500154341305,0.15947114738518442,50.9866785956595,3.236149970693573
2,2.562500223651663,N/A,19.747926508334047,2.2705514160948277
3,2.937500277242145,0.03870137397804907,1013.7592614254636,10.992685270768021
4,3.447500350125201,0.056081386343386,83.0930382148996,1.7216353452809898
5,4.167500453018927,0.04843087185548978,157.56554462159346,1.4510996260486586
6,4.5225005037512505,0.06422024242556557,25.9792260244638,3.075535541818598
7,5.092500585208783,0.08016829639797507,258.2930582292043,29.277049028083347
