peakNumber,peakLocation,FWHM,intensity,% Error
0,1.7925001136125387,0.029011960868400966,109.49928818860587,1.8959429544988031
1,2.0725001536267658,0.1431280670215258,48.003644070088285,4.536168735724856
2,2.932500276527605,0.03418999142323287,1221.5661017972309,13.747642500391072
3,3.442500349410661,0.04812130997041031,86.00211712002681,1.267536928936663
4,3.5825003694177746,N/A,38.41427737046433,0.9455933363688331
5,4.162500452304387,0.04320719478417523,182.0621388509083,1.8890493661721934
6,4.517500503036711,0.061404469260025074,26.54998845808268,2.12592870278598
7,4.6375005201856645,N/A,11.916425873645892,1.4420588401457723
8,5.0875005844942445,0.06988559002206962,292.6508092538173,23.959842478317203
