peakNumber,peakLocation,FWHM,intensity,% Error
0,1.7925001136125387,0.026630853292807233,179.84175116956908,4.602654410948951
1,2.0725001536267658,0.05438126050545522,69.33576463048018,6.362858510329743
2,2.9275002758130655,0.03200347453723884,1472.7176496868422,4.830279092016243
3,3.4375003486961213,0.04386661275583803,123.54502425268765,3.3119471350013225
4,3.587500370132314,N/A,44.43675062340367,0.6537582886096198
5,4.152500450875308,0.041649303552464545,224.23030762935133,9.986328651661722
6,4.517500503036711,0.05530109410145201,38.068814173947885,3.163421864740062
7,4.6375005201856645,N/A,17.36998720836874,1.134018156985411
8,5.082500583779704,0.06799772531614767,369.6234707655071,31.700413329530946
