peakNumber,peakLocation,FWHM,intensity,% Error
0,1.7975001143270786,0.029582812872454678,136.5158146648892,2.1846782748040217
1,2.077500154341305,0.13022333404228537,58.73301132285269,4.661760654762589
2,2.932500276527605,0.03727414419556796,1191.904340582781,18.505524963301173
3,3.447500350125201,0.048592912391034915,105.41224382670418,1.641114911451337
4,3.587500370132314,N/A,47.80491013579143,0.7600767470429307
5,4.162500452304387,0.04524729308319131,192.57483070327095,1.7915684226995736
6,4.5225005037512505,0.06417015425193817,32.407725586178174,2.9637481260726224
7,5.092500585208783,0.07577364688078436,310.0185155713508,28.278505704073524
