peakNumber,peakLocation,FWHM,intensity,% Error
0,1.7925001136125387,0.02373716310328633,237.47335128404796,6.401957375837888
1,2.077500154341305,0.08080831535827748,59.8451125133293,3.987621622789253
2,2.932500276527605,0.03332808368550477,1341.9544433987617,8.619543755727943
3,3.442500349410661,0.05097188755167581,122.78860199551815,1.9941056488405824
4,3.597500371561394,N/A,48.502684915237126,0.9003487296036665
5,4.162500452304387,0.054363017722026896,196.44438567307515,17.718375581590266
6,4.5225005037512505,0.056183170913309155,38.43991509260621,4.000854336798247
7,4.642500520900205,N/A,16.731673231355728,2.6076564761224037
8,5.092500585208783,0.07269698703537752,353.74431748389924,33.553016656764925
