peakNumber,peakLocation,FWHM,intensity,% Error
0,1.7975001143270786,0.07269382490671239,51.89901929500439,3.4868487149001903
1,2.0525001507686063,0.14171449841505068,59.73737420897254,2.4202941817326473
2,2.9175002743839857,0.05324830081059506,677.51533047143,6.323181031866791
3,3.4375003486961213,0.17604060059478188,60.59056403611157,5.061868327435526
4,4.122500446588069,0.06775603336495806,105.71090248117389,8.631351365894943
5,4.512500502322171,0.08819173833402427,21.78107125538196,2.779831334832458
6,5.057500580207005,0.1198707308154745,206.41348525586415,31.05552948346223
