peakNumber,peakLocation,FWHM,intensity,% Error
0,1.7925001136125387,0.020559734220326087,327.1627846700977,7.082216545327882
1,2.0725001536267658,0.07829904365330931,63.076444698418186,4.162946091421033
2,2.9275002758130655,0.029814835292480524,1582.568464074572,6.970890335057716
3,3.4375003486961213,0.046646931809018355,134.26440825113696,3.0935995543813184
4,3.587500370132314,N/A,49.41737742883214,0.9062921398578333
5,4.152500450875308,0.055894088029930344,195.05256844754877,5.019277560825813
6,4.5225005037512505,0.04998422135284919,45.427073163800856,7.812488851288059
7,4.6375005201856645,N/A,17.724785829376174,1.7716457878794865
8,5.082500583779704,0.0639925143273512,398.02530932750847,48.7468207457546
