peakNumber,peakLocation,FWHM,intensity,% Error
0,1.8175001171852376,0.06923201044925542,87.13966076484758,3.995736938876345
1,2.062500152197686,0.15425176905465166,55.8552147976319,3.540821645753463
2,2.922500275098525,0.05081086935380297,739.439349706935,7.484216995427214
3,3.4375003486961213,0.15321373838397623,78.84567869014091,4.890157136193794
4,4.132500448017149,0.06832592098819568,118.20548760185284,12.821978799582133
5,4.517500503036711,0.06689914461919777,25.973877236568455,4.183732787492769
6,5.062500580921545,0.10454804274732776,222.5127775251642,39.218070970157186
