peakNumber,peakLocation,FWHM,intensity,% Error
0,1.7925001136125387,0.02606824908724481,199.1709493698773,5.765422788477116
1,2.0725001536267658,0.054111490561731035,68.88079058935557,3.6301364215703997
2,2.9275002758130655,0.03238977054855363,1411.2176337024848,6.723394402129847
3,3.4375003486961213,0.04719421913213928,130.4617651702959,3.2500195367153393
4,3.5825003694177746,N/A,49.34010188332741,0.7311421910817424
5,4.157500451589848,0.042608782007974355,223.34420624940378,4.2769581984493135
6,4.517500503036711,0.05397004729572785,38.806928991603684,5.177822126661706
7,4.642500520900205,N/A,17.720587185706393,1.8928552060546413
8,5.082500583779704,0.07349517962154284,352.40313211012995,35.385397795390254
