peakNumber,peakLocation,FWHM,intensity,% Error
0,1.7975001143270786,0.0594360265608469,38.98945939601805,7.600016746735166
1,2.057500151483146,0.13094791608850964,51.87485642347531,2.807632330417362
2,2.6175002315116,0.12167137376647563,13.07623674541395,2.268139325618484
3,2.922500275098525,0.04999210699483658,717.1676224579207,5.132974625735826
4,3.432500347981582,0.18723283160124815,49.94012966914789,5.2305150020760385
5,4.137500448731688,0.06620384364948517,111.4480321696634,4.076793735500058
6,4.502500500893092,0.09056017122903182,17.308370179797805,2.30575464000185
7,5.062500580921545,0.10600901852718803,201.56305495434412,26.942314056094503
