peakNumber,peakLocation,FWHM,intensity,% Error
0,1.7975001143270786,0.0298638838808738,117.24124869322509,3.3398225300849718
1,2.077500154341305,0.1526777363007179,54.90719410699046,4.6021680440411865
2,2.932500276527605,0.03899614599275214,1023.9513767171295,17.21209783438064
3,3.447500350125201,0.05243739943986858,90.01208205941532,2.6692284448657144
4,4.167500453018927,0.047625129049240655,162.9022441106036,1.1240849534179227
5,4.517500503036711,0.06299077619658533,26.628594869941594,2.6421224323562758
6,4.652500522329284,0.07476646611394511,13.415734526734013,1.9471119020032779
7,5.0875005844942445,0.08009667849480717,267.67019651995474,26.41510332811825
