peakNumber,peakLocation,FWHM,intensity,% Error
0,1.7925001136125387,0.028099523340242127,158.11591315741572,6.358674411794672
1,2.0725001536267658,0.09053462189472228,61.27427083157539,3.553881892269245
2,2.932500276527605,0.03334546651397119,1407.1848879782162,14.782911914060307
3,3.442500349410661,0.04509424456465405,118.12192570757009,3.777567398372174
4,3.5825003694177746,N/A,46.10231854612175,0.6958086562690089
5,4.157500451589848,0.04403439180633928,219.82155611975242,5.2595328963924715
6,4.5225005037512505,0.06019289991247856,33.49046710075885,2.04615574311754
7,4.647500521614745,N/A,16.158487199591434,1.6280028149872734
8,5.0875005844942445,0.07014220840133678,359.1340487582584,31.069919056872504
