peakNumber,peakLocation,FWHM,intensity,% Error
0,1.8375001200433967,0.08409233160261564,31.03939000062826,4.227530127357215
1,1.9975001429086694,N/A,39.0957019812937,4.52106020883721
2,2.9125002736694463,0.11279311379913182,170.73414370738493,11.326281719225658
3,3.512500359414218,0.24836323070317112,45.04445299658124,2.1228154359658213
4,4.127500447302609,0.14126680254632618,25.145095644322737,4.804070234556793
5,5.067500581636085,0.20203036247023753,89.82596951938115,18.67571565045892
