peakNumber,peakLocation,FWHM,intensity,% Error
0,1.7975001143270786,0.054749742648114275,39.75226819654239,0.9757978339872424
1,2.057500151483146,0.16788117718709206,52.057738246762256,3.8066189135038404
2,2.6175002315116,0.16612548518194092,14.016866103003338,2.6821039459694647
3,2.922500275098525,0.046436823304696784,739.4145200494812,5.092973331005852
4,3.4375003486961213,0.2667422471734082,48.72351493811311,4.731519861814123
5,4.142500449446228,0.06091655221248171,116.94944539049732,1.5489996785395792
6,4.507500501607631,0.07227351391553594,16.646584976942677,2.631828982053739
7,5.072500582350624,0.10073589209276879,205.9388774234327,26.02986433522424
