peakNumber,peakLocation,FWHM,intensity,% Error
0,2.0075001443377487,0.2412478382338239,40.89650812960815,3.510979978974417
1,2.8525002650949687,0.3502962633975071,84.72781512836866,1.759224698540315
2,3.512500359414218,0.5177076428766578,34.90029348108743,2.4996689360761084
3,5.0475005787779255,0.25953347108143543,79.36542963894448,17.92131600677229
