peakNumber,peakLocation,FWHM,intensity,% Error
0,1.7925001136125387,0.04816894527619442,68.62611675002017,4.670628736693925
1,2.057500151483146,0.11159591021804394,61.02979719855841,2.7033027145352917
2,2.922500275098525,0.046051909345945496,875.552018745409,6.7732458165058
3,3.432500347981582,0.08571903302771933,72.77046458622169,4.063144675375226
4,4.137500448731688,0.058296567775698804,141.20436577042182,5.074476360790126
5,4.512500502322171,0.06382224399336867,26.032135157046127,0.7390198124838931
6,4.622500518042045,N/A,15.743602572470195,1.3451483167904883
7,5.067500581636085,0.09619166026511561,254.92926480017707,27.316888468644173
