peakNumber,peakLocation,FWHM,intensity,% Error
0,1.7925001136125387,0.021269709485703503,290.7761561448731,7.6259610896531855
1,2.077500154341305,0.07195045323601956,57.05977929983243,6.980390883700342
2,2.932500276527605,0.030588402018902894,1407.7510834037914,12.256740831966365
3,3.442500349410661,0.0522174769940853,116.94909780227334,2.3181648028852084
4,3.597500371561394,N/A,50.14626988689986,0.8107810492488552
5,4.167500453018927,0.05766746815111112,175.69921130035823,10.305876898362152
6,4.52750050446579,0.05151935766710114,39.20777451778201,7.9867723788361085
7,4.647500521614745,N/A,15.169035300663552,1.993802263467794
8,5.092500585208783,0.07213922359845526,335.77330498364245,34.40025126837842
