peakNumber,peakLocation,FWHM,intensity,% Error
0,1.9975001429086694,0.23031937155299498,39.01267449372256,1.9924591610667624
1,2.8975002715258267,0.35070191333468514,90.46502546173747,4.386156186880384
2,3.5175003601287576,N/A,35.017575210159634,2.4238478938436265
3,5.052500579492466,0.2570261474402731,79.44635516075914,18.743807261939175
