peakNumber,peakLocation,FWHM,intensity,% Error
0,1.7925001136125387,0.0437598049851986,65.591603484036,2.8918358448629653
1,2.062500152197686,0.11089019198738947,59.147750018037755,4.3933903695158065
2,2.922500275098525,0.042957545853753665,968.2337690989798,7.5755851694994405
3,3.432500347981582,0.08001037960368862,68.61754987222656,4.803355835199756
4,4.142500449446228,0.05463937883530079,148.65667547588157,3.3886960374971595
5,4.507500501607631,0.058986145274876556,23.18052097740423,0.6588288841610237
6,5.067500581636085,0.08689113050696129,265.64952517294535,26.599177600059328
