peakNumber,peakLocation,FWHM,intensity,% Error
0,1.7925001136125387,0.028899183013689766,206.72893896875405,3.4595400987412024
1,2.077500154341305,0.1251820580626286,72.58012510742117,2.8913211874695524
2,2.932500276527605,0.034014937707643966,1512.5106278459552,13.591585528853308
3,3.442500349410661,0.05700111761374593,121.5324597275212,4.796017231244383
4,4.157500451589848,0.06296281169670781,157.26840395108178,5.490682125033572
5,4.52750050446579,0.05846556135152525,41.81576987803845,4.976023891299346
6,4.642500520900205,0.054144838812048235,25.53394552741537,2.9317973149828345
7,5.0875005844942445,0.07165049342169194,353.8978218561261,50.69394675391996
